checkedAt,bondCode,bondName,issuerCode,issuerName,searchedSources,matchedSource,matchedUrl,action,reason,evidenceText,query,sourceUrl,status
2026-09-19T23:59:41.522280+08:00,,,,,site:mops.twse.com.tw 行使債券贖回權 轉換公司債 終止櫃檯買賣,,,no_redemption_notice_found,廣泛搜尋無可信來源,,site:mops.twse.com.tw 行使債券贖回權 轉換公司債 終止櫃檯買賣,,not_found
2026-09-19T23:59:42.277463+08:00,,,,,site:tpex.org.tw 行使債券贖回權 轉換公司債 終止櫃檯買賣,,,no_redemption_notice_found,廣泛搜尋無可信來源,,site:tpex.org.tw 行使債券贖回權 轉換公司債 終止櫃檯買賣,,not_found
2026-09-19T23:59:42.961187+08:00,,,,,site:twse.com.tw 行使債券贖回權 轉換公司債 終止買賣,,,no_redemption_notice_found,廣泛搜尋無可信來源,,site:twse.com.tw 行使債券贖回權 轉換公司債 終止買賣,,not_found
2026-09-19T23:59:43.649307+08:00,,,,,site:tw.stock.yahoo.com/news 行使債券贖回權 轉換公司債 終止櫃檯買賣,,,no_redemption_notice_found,廣泛搜尋無可信來源,,site:tw.stock.yahoo.com/news 行使債券贖回權 轉換公司債 終止櫃檯買賣,,not_found
2026-09-19T23:59:44.388308+08:00,,,,,site:tw.stock.yahoo.com/news 債券收回基準日 轉換公司債 終止櫃檯買賣日期,,,no_redemption_notice_found,廣泛搜尋無可信來源,,site:tw.stock.yahoo.com/news 債券收回基準日 轉換公司債 終止櫃檯買賣日期,,not_found
2026-09-19T23:59:44.593745+08:00,,,,,"site:tw.stock.yahoo.com/news ""發行公司行使債券贖回權"" ""終止櫃檯買賣"" ""2026年9月""",,,no_redemption_notice_found,廣泛搜尋無可信來源,,"site:tw.stock.yahoo.com/news ""發行公司行使債券贖回權"" ""終止櫃檯買賣"" ""2026年9月""",,not_found
2026-09-19T23:59:45.370607+08:00,,,,,"site:tw.stock.yahoo.com/news ""發行公司行使債券贖回權"" ""終止櫃檯買賣"" ""115年09月""",,,no_redemption_notice_found,廣泛搜尋無可信來源,,"site:tw.stock.yahoo.com/news ""發行公司行使債券贖回權"" ""終止櫃檯買賣"" ""115年09月""",,not_found
2026-09-19T23:59:46.589735+08:00,,,,,"site:tw.stock.yahoo.com/news ""發行公司行使債券贖回權"" ""終止櫃檯買賣"" ""2026年8月""",,,no_redemption_notice_found,廣泛搜尋無可信來源,,"site:tw.stock.yahoo.com/news ""發行公司行使債券贖回權"" ""終止櫃檯買賣"" ""2026年8月""",,not_found
2026-09-19T23:59:47.310836+08:00,,,,,"site:tw.stock.yahoo.com/news ""發行公司行使債券贖回權"" ""終止櫃檯買賣"" ""115年08月""",,,no_redemption_notice_found,廣泛搜尋無可信來源,,"site:tw.stock.yahoo.com/news ""發行公司行使債券贖回權"" ""終止櫃檯買賣"" ""115年08月""",,not_found
2026-09-19T23:59:48.426022+08:00,31415,晶宏五,3141,晶宏半導體股份有限公司,"""31415"" ""晶宏五"" ""終止櫃檯買賣""",,,no_redemption_notice_found,搜尋結果無可信來源,,"""31415"" ""晶宏五"" ""終止櫃檯買賣""",,not_found
2026-09-19T23:59:49.120456+08:00,31415,晶宏五,3141,晶宏半導體股份有限公司,"""31415"" ""晶宏五"" ""行使債券贖回權""",,,no_redemption_notice_found,搜尋結果無可信來源,,"""31415"" ""晶宏五"" ""行使債券贖回權""",,not_found
2026-09-19T23:59:49.778912+08:00,31415,晶宏五,3141,晶宏半導體股份有限公司,"""31415"" ""晶宏五"" ""因發行公司行使贖回權""",,,no_redemption_notice_found,搜尋結果無可信來源,,"""31415"" ""晶宏五"" ""因發行公司行使贖回權""",,not_found
2026-09-19T23:59:50.450743+08:00,31415,晶宏五,3141,晶宏半導體股份有限公司,"site:moneydj.com ""31415"" ""晶宏五"" ""行使債券贖回權""",,,no_redemption_notice_found,搜尋結果無可信來源,,"site:moneydj.com ""31415"" ""晶宏五"" ""行使債券贖回權""",,not_found
2026-09-19T23:59:51.213477+08:00,31415,晶宏五,3141,晶宏半導體股份有限公司,"site:tw.stock.yahoo.com/news ""31415"" ""晶宏五"" ""終止櫃檯買賣""",,,no_redemption_notice_found,搜尋結果無可信來源,,"site:tw.stock.yahoo.com/news ""31415"" ""晶宏五"" ""終止櫃檯買賣""",,not_found
2026-09-19T23:59:51.859145+08:00,31415,晶宏五,3141,晶宏半導體股份有限公司,site:mops.twse.com.tw 31415 晶宏五 晶宏半導體 行使債券贖回權 終止櫃檯買賣,,,no_redemption_notice_found,搜尋結果無可信來源,,site:mops.twse.com.tw 31415 晶宏五 晶宏半導體 行使債券贖回權 終止櫃檯買賣,,not_found
2026-09-19T23:59:52.488495+08:00,31415,晶宏五,3141,晶宏半導體股份有限公司,site:tpex.org.tw 31415 晶宏五 晶宏半導體 債券收回基準日 終止櫃檯買賣日期,,,no_redemption_notice_found,搜尋結果無可信來源,,site:tpex.org.tw 31415 晶宏五 晶宏半導體 債券收回基準日 終止櫃檯買賣日期,,not_found
2026-09-19T23:59:53.200085+08:00,31415,晶宏五,3141,晶宏半導體股份有限公司,site:twse.com.tw 31415 晶宏五 晶宏半導體 停止受理轉換 收回 轉換公司債,,,no_redemption_notice_found,搜尋結果無可信來源,,site:twse.com.tw 31415 晶宏五 晶宏半導體 停止受理轉換 收回 轉換公司債,,not_found
2026-09-19T23:59:53.859638+08:00,31415,晶宏五,3141,晶宏半導體股份有限公司,site:tw.stock.yahoo.com/news 31415 晶宏五 晶宏半導體 行使債券贖回權 終止櫃檯買賣,,,no_redemption_notice_found,搜尋結果無可信來源,,site:tw.stock.yahoo.com/news 31415 晶宏五 晶宏半導體 行使債券贖回權 終止櫃檯買賣,,not_found
2026-09-19T23:59:54.166645+08:00,35834,辛耘四,3583,辛耘企業股份有限公司,"""35834"" ""辛耘四"" ""終止櫃檯買賣""",,,no_redemption_notice_found,搜尋結果無可信來源,,"""35834"" ""辛耘四"" ""終止櫃檯買賣""",,not_found
2026-09-19T23:59:54.868664+08:00,35834,辛耘四,3583,辛耘企業股份有限公司,"""35834"" ""辛耘四"" ""行使債券贖回權""",,,no_redemption_notice_found,搜尋結果無可信來源,,"""35834"" ""辛耘四"" ""行使債券贖回權""",,not_found
2026-09-19T23:59:55.123946+08:00,35834,辛耘四,3583,辛耘企業股份有限公司,"""35834"" ""辛耘四"" ""因發行公司行使贖回權""",,,no_redemption_notice_found,搜尋結果無可信來源,,"""35834"" ""辛耘四"" ""因發行公司行使贖回權""",,not_found
2026-09-19T23:59:55.782921+08:00,35834,辛耘四,3583,辛耘企業股份有限公司,"site:moneydj.com ""35834"" ""辛耘四"" ""行使債券贖回權""",,,no_redemption_notice_found,搜尋結果無可信來源,,"site:moneydj.com ""35834"" ""辛耘四"" ""行使債券贖回權""",,not_found
2026-09-19T23:59:56.293043+08:00,35834,辛耘四,3583,辛耘企業股份有限公司,"site:tw.stock.yahoo.com/news ""35834"" ""辛耘四"" ""終止櫃檯買賣""",,,no_redemption_notice_found,搜尋結果無可信來源,,"site:tw.stock.yahoo.com/news ""35834"" ""辛耘四"" ""終止櫃檯買賣""",,not_found
2026-09-19T23:59:56.984006+08:00,35834,辛耘四,3583,辛耘企業股份有限公司,site:mops.twse.com.tw 35834 辛耘四 辛耘企業 行使債券贖回權 終止櫃檯買賣,,,no_redemption_notice_found,搜尋結果無可信來源,,site:mops.twse.com.tw 35834 辛耘四 辛耘企業 行使債券贖回權 終止櫃檯買賣,,not_found
2026-09-19T23:59:57.712573+08:00,35834,辛耘四,3583,辛耘企業股份有限公司,site:tpex.org.tw 35834 辛耘四 辛耘企業 債券收回基準日 終止櫃檯買賣日期,,,no_redemption_notice_found,搜尋結果無可信來源,,site:tpex.org.tw 35834 辛耘四 辛耘企業 債券收回基準日 終止櫃檯買賣日期,,not_found
2026-09-19T23:59:57.962653+08:00,35834,辛耘四,3583,辛耘企業股份有限公司,site:twse.com.tw 35834 辛耘四 辛耘企業 停止受理轉換 收回 轉換公司債,,,no_redemption_notice_found,搜尋結果無可信來源,,site:twse.com.tw 35834 辛耘四 辛耘企業 停止受理轉換 收回 轉換公司債,,not_found
2026-09-19T23:59:58.609085+08:00,35834,辛耘四,3583,辛耘企業股份有限公司,site:tw.stock.yahoo.com/news 35834 辛耘四 辛耘企業 行使債券贖回權 終止櫃檯買賣,,,no_redemption_notice_found,搜尋結果無可信來源,,site:tw.stock.yahoo.com/news 35834 辛耘四 辛耘企業 行使債券贖回權 終止櫃檯買賣,,not_found
2026-09-19T23:59:58.782543+08:00,45415,晟田五,4541,晟田科技工業股份有限公司,"""45415"" ""晟田五"" ""終止櫃檯買賣""",,,no_redemption_notice_found,搜尋結果無可信來源,,"""45415"" ""晟田五"" ""終止櫃檯買賣""",,not_found
2026-09-19T23:59:59.134752+08:00,45415,晟田五,4541,晟田科技工業股份有限公司,"""45415"" ""晟田五"" ""行使債券贖回權""",,,no_redemption_notice_found,搜尋結果無可信來源,,"""45415"" ""晟田五"" ""行使債券贖回權""",,not_found
2026-09-19T23:59:59.648923+08:00,45415,晟田五,4541,晟田科技工業股份有限公司,"""45415"" ""晟田五"" ""因發行公司行使贖回權""",,,no_redemption_notice_found,搜尋結果無可信來源,,"""45415"" ""晟田五"" ""因發行公司行使贖回權""",,not_found
2026-09-19T23:59:59.937449+08:00,45415,晟田五,4541,晟田科技工業股份有限公司,"site:moneydj.com ""45415"" ""晟田五"" ""行使債券贖回權""",,,no_redemption_notice_found,搜尋結果無可信來源,,"site:moneydj.com ""45415"" ""晟田五"" ""行使債券贖回權""",,not_found
2026-09-20T00:00:00.220431+08:00,45415,晟田五,4541,晟田科技工業股份有限公司,"site:tw.stock.yahoo.com/news ""45415"" ""晟田五"" ""終止櫃檯買賣""",,,no_redemption_notice_found,搜尋結果無可信來源,,"site:tw.stock.yahoo.com/news ""45415"" ""晟田五"" ""終止櫃檯買賣""",,not_found
2026-09-20T00:00:00.682099+08:00,45415,晟田五,4541,晟田科技工業股份有限公司,site:mops.twse.com.tw 45415 晟田五 晟田科技工業 行使債券贖回權 終止櫃檯買賣,,,no_redemption_notice_found,搜尋結果無可信來源,,site:mops.twse.com.tw 45415 晟田五 晟田科技工業 行使債券贖回權 終止櫃檯買賣,,not_found
2026-09-20T00:00:00.825669+08:00,45415,晟田五,4541,晟田科技工業股份有限公司,site:tpex.org.tw 45415 晟田五 晟田科技工業 債券收回基準日 終止櫃檯買賣日期,,,no_redemption_notice_found,搜尋結果無可信來源,,site:tpex.org.tw 45415 晟田五 晟田科技工業 債券收回基準日 終止櫃檯買賣日期,,not_found
2026-09-20T00:00:01.275489+08:00,45415,晟田五,4541,晟田科技工業股份有限公司,site:twse.com.tw 45415 晟田五 晟田科技工業 停止受理轉換 收回 轉換公司債,,,no_redemption_notice_found,搜尋結果無可信來源,,site:twse.com.tw 45415 晟田五 晟田科技工業 停止受理轉換 收回 轉換公司債,,not_found
2026-09-20T00:00:01.425379+08:00,45415,晟田五,4541,晟田科技工業股份有限公司,site:tw.stock.yahoo.com/news 45415 晟田五 晟田科技工業 行使債券贖回權 終止櫃檯買賣,,,no_redemption_notice_found,搜尋結果無可信來源,,site:tw.stock.yahoo.com/news 45415 晟田五 晟田科技工業 行使債券贖回權 終止櫃檯買賣,,not_found
2026-09-20T00:00:02.102047+08:00,32609,威剛九,3260,威剛科技股份有限公司,"""32609"" ""威剛九"" ""終止櫃檯買賣""",,,no_redemption_notice_found,搜尋結果無可信來源,,"""32609"" ""威剛九"" ""終止櫃檯買賣""",,not_found
2026-09-20T00:00:02.460913+08:00,32609,威剛九,3260,威剛科技股份有限公司,"""32609"" ""威剛九"" ""行使債券贖回權""",,,no_redemption_notice_found,搜尋結果無可信來源,,"""32609"" ""威剛九"" ""行使債券贖回權""",,not_found
2026-09-20T00:00:02.635714+08:00,32609,威剛九,3260,威剛科技股份有限公司,"""32609"" ""威剛九"" ""因發行公司行使贖回權""",,,no_redemption_notice_found,搜尋結果無可信來源,,"""32609"" ""威剛九"" ""因發行公司行使贖回權""",,not_found
2026-09-20T00:00:03.117800+08:00,32609,威剛九,3260,威剛科技股份有限公司,"site:moneydj.com ""32609"" ""威剛九"" ""行使債券贖回權""",,,no_redemption_notice_found,搜尋結果無可信來源,,"site:moneydj.com ""32609"" ""威剛九"" ""行使債券贖回權""",,not_found
2026-09-20T00:00:03.428890+08:00,32609,威剛九,3260,威剛科技股份有限公司,"site:tw.stock.yahoo.com/news ""32609"" ""威剛九"" ""終止櫃檯買賣""",,,no_redemption_notice_found,搜尋結果無可信來源,,"site:tw.stock.yahoo.com/news ""32609"" ""威剛九"" ""終止櫃檯買賣""",,not_found
2026-09-20T00:00:03.783482+08:00,32609,威剛九,3260,威剛科技股份有限公司,site:mops.twse.com.tw 32609 威剛九 威剛科技 行使債券贖回權 終止櫃檯買賣,,,no_redemption_notice_found,搜尋結果無可信來源,,site:mops.twse.com.tw 32609 威剛九 威剛科技 行使債券贖回權 終止櫃檯買賣,,not_found
2026-09-20T00:00:04.164583+08:00,32609,威剛九,3260,威剛科技股份有限公司,site:tpex.org.tw 32609 威剛九 威剛科技 債券收回基準日 終止櫃檯買賣日期,,,no_redemption_notice_found,搜尋結果無可信來源,,site:tpex.org.tw 32609 威剛九 威剛科技 債券收回基準日 終止櫃檯買賣日期,,not_found
2026-09-20T00:00:04.537053+08:00,32609,威剛九,3260,威剛科技股份有限公司,site:twse.com.tw 32609 威剛九 威剛科技 停止受理轉換 收回 轉換公司債,,,no_redemption_notice_found,搜尋結果無可信來源,,site:twse.com.tw 32609 威剛九 威剛科技 停止受理轉換 收回 轉換公司債,,not_found
2026-09-20T00:00:04.661666+08:00,32609,威剛九,3260,威剛科技股份有限公司,site:tw.stock.yahoo.com/news 32609 威剛九 威剛科技 行使債券贖回權 終止櫃檯買賣,,,no_redemption_notice_found,搜尋結果無可信來源,,site:tw.stock.yahoo.com/news 32609 威剛九 威剛科技 行使債券贖回權 終止櫃檯買賣,,not_found
2026-09-20T00:00:04.896751+08:00,22211,大甲一,2221,大甲永和機械工業股份有限公司,"""22211"" ""大甲一"" ""終止櫃檯買賣""",,,no_redemption_notice_found,搜尋結果無可信來源,,"""22211"" ""大甲一"" ""終止櫃檯買賣""",,not_found
2026-09-20T00:00:05.051216+08:00,22211,大甲一,2221,大甲永和機械工業股份有限公司,"""22211"" ""大甲一"" ""行使債券贖回權""",,,no_redemption_notice_found,搜尋結果無可信來源,,"""22211"" ""大甲一"" ""行使債券贖回權""",,not_found
2026-09-20T00:00:05.227740+08:00,22211,大甲一,2221,大甲永和機械工業股份有限公司,"""22211"" ""大甲一"" ""因發行公司行使贖回權""",,,no_redemption_notice_found,搜尋結果無可信來源,,"""22211"" ""大甲一"" ""因發行公司行使贖回權""",,not_found
2026-09-20T00:00:05.468085+08:00,22211,大甲一,2221,大甲永和機械工業股份有限公司,"site:moneydj.com ""22211"" ""大甲一"" ""行使債券贖回權""",,,no_redemption_notice_found,搜尋結果無可信來源,,"site:moneydj.com ""22211"" ""大甲一"" ""行使債券贖回權""",,not_found
2026-09-20T00:00:05.719912+08:00,22211,大甲一,2221,大甲永和機械工業股份有限公司,"site:tw.stock.yahoo.com/news ""22211"" ""大甲一"" ""終止櫃檯買賣""",,,no_redemption_notice_found,搜尋結果無可信來源,,"site:tw.stock.yahoo.com/news ""22211"" ""大甲一"" ""終止櫃檯買賣""",,not_found
2026-09-20T00:00:05.966258+08:00,22211,大甲一,2221,大甲永和機械工業股份有限公司,site:mops.twse.com.tw 22211 大甲一 大甲永和機械工業 行使債券贖回權 終止櫃檯買賣,,,no_redemption_notice_found,搜尋結果無可信來源,,site:mops.twse.com.tw 22211 大甲一 大甲永和機械工業 行使債券贖回權 終止櫃檯買賣,,not_found
2026-09-20T00:00:06.100121+08:00,22211,大甲一,2221,大甲永和機械工業股份有限公司,site:tpex.org.tw 22211 大甲一 大甲永和機械工業 債券收回基準日 終止櫃檯買賣日期,,,no_redemption_notice_found,搜尋結果無可信來源,,site:tpex.org.tw 22211 大甲一 大甲永和機械工業 債券收回基準日 終止櫃檯買賣日期,,not_found
2026-09-20T00:00:06.358531+08:00,22211,大甲一,2221,大甲永和機械工業股份有限公司,site:twse.com.tw 22211 大甲一 大甲永和機械工業 停止受理轉換 收回 轉換公司債,,,no_redemption_notice_found,搜尋結果無可信來源,,site:twse.com.tw 22211 大甲一 大甲永和機械工業 停止受理轉換 收回 轉換公司債,,not_found
2026-09-20T00:00:06.540011+08:00,22211,大甲一,2221,大甲永和機械工業股份有限公司,site:tw.stock.yahoo.com/news 22211 大甲一 大甲永和機械工業 行使債券贖回權 終止櫃檯買賣,,,no_redemption_notice_found,搜尋結果無可信來源,,site:tw.stock.yahoo.com/news 22211 大甲一 大甲永和機械工業 行使債券贖回權 終止櫃檯買賣,,not_found
2026-09-20T00:00:07.327812+08:00,77431,金利食安一,7743,金利食安科技股份有限公司,"""77431"" ""金利食安一"" ""終止櫃檯買賣""",,,no_redemption_notice_found,搜尋結果無可信來源,,"""77431"" ""金利食安一"" ""終止櫃檯買賣""",,not_found
2026-09-20T00:00:08.023242+08:00,77431,金利食安一,7743,金利食安科技股份有限公司,"""77431"" ""金利食安一"" ""行使債券贖回權""",,,no_redemption_notice_found,搜尋結果無可信來源,,"""77431"" ""金利食安一"" ""行使債券贖回權""",,not_found
2026-09-20T00:00:08.666061+08:00,77431,金利食安一,7743,金利食安科技股份有限公司,"""77431"" ""金利食安一"" ""因發行公司行使贖回權""",,,no_redemption_notice_found,搜尋結果無可信來源,,"""77431"" ""金利食安一"" ""因發行公司行使贖回權""",,not_found
2026-09-20T00:00:09.400082+08:00,77431,金利食安一,7743,金利食安科技股份有限公司,"site:moneydj.com ""77431"" ""金利食安一"" ""行使債券贖回權""",,,no_redemption_notice_found,搜尋結果無可信來源,,"site:moneydj.com ""77431"" ""金利食安一"" ""行使債券贖回權""",,not_found
2026-09-20T00:00:10.259713+08:00,77431,金利食安一,7743,金利食安科技股份有限公司,"site:tw.stock.yahoo.com/news ""77431"" ""金利食安一"" ""終止櫃檯買賣""",,,no_redemption_notice_found,搜尋結果無可信來源,,"site:tw.stock.yahoo.com/news ""77431"" ""金利食安一"" ""終止櫃檯買賣""",,not_found
2026-09-20T00:00:11.018973+08:00,77431,金利食安一,7743,金利食安科技股份有限公司,site:mops.twse.com.tw 77431 金利食安一 金利食安科技 行使債券贖回權 終止櫃檯買賣,,,no_redemption_notice_found,搜尋結果無可信來源,,site:mops.twse.com.tw 77431 金利食安一 金利食安科技 行使債券贖回權 終止櫃檯買賣,,not_found
2026-09-20T00:00:11.986274+08:00,77431,金利食安一,7743,金利食安科技股份有限公司,site:tpex.org.tw 77431 金利食安一 金利食安科技 債券收回基準日 終止櫃檯買賣日期,,,no_redemption_notice_found,搜尋結果無可信來源,,site:tpex.org.tw 77431 金利食安一 金利食安科技 債券收回基準日 終止櫃檯買賣日期,,not_found
2026-09-20T00:00:12.640598+08:00,77431,金利食安一,7743,金利食安科技股份有限公司,site:twse.com.tw 77431 金利食安一 金利食安科技 停止受理轉換 收回 轉換公司債,,,no_redemption_notice_found,搜尋結果無可信來源,,site:twse.com.tw 77431 金利食安一 金利食安科技 停止受理轉換 收回 轉換公司債,,not_found
2026-09-20T00:00:13.255570+08:00,77431,金利食安一,7743,金利食安科技股份有限公司,site:tw.stock.yahoo.com/news 77431 金利食安一 金利食安科技 行使債券贖回權 終止櫃檯買賣,,,no_redemption_notice_found,搜尋結果無可信來源,,site:tw.stock.yahoo.com/news 77431 金利食安一 金利食安科技 行使債券贖回權 終止櫃檯買賣,,not_found
2026-09-20T00:00:13.897606+08:00,82221,寶一一,8222,寶一科技股份有限公司,"""82221"" ""寶一一"" ""終止櫃檯買賣""",,,no_redemption_notice_found,搜尋結果無可信來源,,"""82221"" ""寶一一"" ""終止櫃檯買賣""",,not_found
2026-09-20T00:00:14.515515+08:00,82221,寶一一,8222,寶一科技股份有限公司,"""82221"" ""寶一一"" ""行使債券贖回權""",,,no_redemption_notice_found,搜尋結果無可信來源,,"""82221"" ""寶一一"" ""行使債券贖回權""",,not_found
2026-09-20T00:00:15.151791+08:00,82221,寶一一,8222,寶一科技股份有限公司,"""82221"" ""寶一一"" ""因發行公司行使贖回權""",,,no_redemption_notice_found,搜尋結果無可信來源,,"""82221"" ""寶一一"" ""因發行公司行使贖回權""",,not_found
2026-09-20T00:00:15.878828+08:00,82221,寶一一,8222,寶一科技股份有限公司,"site:moneydj.com ""82221"" ""寶一一"" ""行使債券贖回權""",,,no_redemption_notice_found,搜尋結果無可信來源,,"site:moneydj.com ""82221"" ""寶一一"" ""行使債券贖回權""",,not_found
2026-09-20T00:00:16.637974+08:00,82221,寶一一,8222,寶一科技股份有限公司,"site:tw.stock.yahoo.com/news ""82221"" ""寶一一"" ""終止櫃檯買賣""",,,no_redemption_notice_found,搜尋結果無可信來源,,"site:tw.stock.yahoo.com/news ""82221"" ""寶一一"" ""終止櫃檯買賣""",,not_found
2026-09-20T00:00:17.346040+08:00,82221,寶一一,8222,寶一科技股份有限公司,site:mops.twse.com.tw 82221 寶一一 寶一科技 行使債券贖回權 終止櫃檯買賣,,,no_redemption_notice_found,搜尋結果無可信來源,,site:mops.twse.com.tw 82221 寶一一 寶一科技 行使債券贖回權 終止櫃檯買賣,,not_found
2026-09-20T00:00:18.182517+08:00,82221,寶一一,8222,寶一科技股份有限公司,site:tpex.org.tw 82221 寶一一 寶一科技 債券收回基準日 終止櫃檯買賣日期,,,no_redemption_notice_found,搜尋結果無可信來源,,site:tpex.org.tw 82221 寶一一 寶一科技 債券收回基準日 終止櫃檯買賣日期,,not_found
2026-09-20T00:00:18.863913+08:00,82221,寶一一,8222,寶一科技股份有限公司,site:twse.com.tw 82221 寶一一 寶一科技 停止受理轉換 收回 轉換公司債,,,no_redemption_notice_found,搜尋結果無可信來源,,site:twse.com.tw 82221 寶一一 寶一科技 停止受理轉換 收回 轉換公司債,,not_found
2026-09-20T00:00:19.710273+08:00,82221,寶一一,8222,寶一科技股份有限公司,site:tw.stock.yahoo.com/news 82221 寶一一 寶一科技 行使債券贖回權 終止櫃檯買賣,,,no_redemption_notice_found,搜尋結果無可信來源,,site:tw.stock.yahoo.com/news 82221 寶一一 寶一科技 行使債券贖回權 終止櫃檯買賣,,not_found
2026-09-20T00:00:20.406352+08:00,24643,盟立三,2464,盟立自動化股份有限公司,"""24643"" ""盟立三"" ""終止櫃檯買賣""",,,no_redemption_notice_found,搜尋結果無可信來源,,"""24643"" ""盟立三"" ""終止櫃檯買賣""",,not_found
2026-09-20T00:00:21.329524+08:00,24643,盟立三,2464,盟立自動化股份有限公司,"""24643"" ""盟立三"" ""行使債券贖回權""",,,no_redemption_notice_found,搜尋結果無可信來源,,"""24643"" ""盟立三"" ""行使債券贖回權""",,not_found
2026-09-20T00:00:22.086006+08:00,24643,盟立三,2464,盟立自動化股份有限公司,"""24643"" ""盟立三"" ""因發行公司行使贖回權""",,,no_redemption_notice_found,搜尋結果無可信來源,,"""24643"" ""盟立三"" ""因發行公司行使贖回權""",,not_found
2026-09-20T00:00:23.039845+08:00,24643,盟立三,2464,盟立自動化股份有限公司,"site:moneydj.com ""24643"" ""盟立三"" ""行使債券贖回權""",,,no_redemption_notice_found,搜尋結果無可信來源,,"site:moneydj.com ""24643"" ""盟立三"" ""行使債券贖回權""",,not_found
2026-09-20T00:00:23.944583+08:00,24643,盟立三,2464,盟立自動化股份有限公司,"site:tw.stock.yahoo.com/news ""24643"" ""盟立三"" ""終止櫃檯買賣""",,,no_redemption_notice_found,搜尋結果無可信來源,,"site:tw.stock.yahoo.com/news ""24643"" ""盟立三"" ""終止櫃檯買賣""",,not_found
2026-09-20T00:00:24.682865+08:00,24643,盟立三,2464,盟立自動化股份有限公司,site:mops.twse.com.tw 24643 盟立三 盟立自動化 行使債券贖回權 終止櫃檯買賣,,,no_redemption_notice_found,搜尋結果無可信來源,,site:mops.twse.com.tw 24643 盟立三 盟立自動化 行使債券贖回權 終止櫃檯買賣,,not_found
2026-09-20T00:00:25.351783+08:00,24643,盟立三,2464,盟立自動化股份有限公司,site:tpex.org.tw 24643 盟立三 盟立自動化 債券收回基準日 終止櫃檯買賣日期,,,no_redemption_notice_found,搜尋結果無可信來源,,site:tpex.org.tw 24643 盟立三 盟立自動化 債券收回基準日 終止櫃檯買賣日期,,not_found
2026-09-20T00:00:26.007724+08:00,24643,盟立三,2464,盟立自動化股份有限公司,site:twse.com.tw 24643 盟立三 盟立自動化 停止受理轉換 收回 轉換公司債,,,no_redemption_notice_found,搜尋結果無可信來源,,site:twse.com.tw 24643 盟立三 盟立自動化 停止受理轉換 收回 轉換公司債,,not_found
2026-09-20T00:00:26.634044+08:00,24643,盟立三,2464,盟立自動化股份有限公司,site:tw.stock.yahoo.com/news 24643 盟立三 盟立自動化 行使債券贖回權 終止櫃檯買賣,,,no_redemption_notice_found,搜尋結果無可信來源,,site:tw.stock.yahoo.com/news 24643 盟立三 盟立自動化 行使債券贖回權 終止櫃檯買賣,,not_found
2026-09-20T00:00:27.262298+08:00,15602,中砂二,1560,中國砂輪企業股份有限公司,"""15602"" ""中砂二"" ""終止櫃檯買賣""",,,no_redemption_notice_found,搜尋結果無可信來源,,"""15602"" ""中砂二"" ""終止櫃檯買賣""",,not_found
2026-09-20T00:00:27.890817+08:00,15602,中砂二,1560,中國砂輪企業股份有限公司,"""15602"" ""中砂二"" ""行使債券贖回權""",,,no_redemption_notice_found,搜尋結果無可信來源,,"""15602"" ""中砂二"" ""行使債券贖回權""",,not_found
2026-09-20T00:00:28.671257+08:00,15602,中砂二,1560,中國砂輪企業股份有限公司,"""15602"" ""中砂二"" ""因發行公司行使贖回權""",,,no_redemption_notice_found,搜尋結果無可信來源,,"""15602"" ""中砂二"" ""因發行公司行使贖回權""",,not_found
2026-09-20T00:00:29.496081+08:00,15602,中砂二,1560,中國砂輪企業股份有限公司,"site:moneydj.com ""15602"" ""中砂二"" ""行使債券贖回權""",,,no_redemption_notice_found,搜尋結果無可信來源,,"site:moneydj.com ""15602"" ""中砂二"" ""行使債券贖回權""",,not_found
2026-09-20T00:00:30.152947+08:00,15602,中砂二,1560,中國砂輪企業股份有限公司,"site:tw.stock.yahoo.com/news ""15602"" ""中砂二"" ""終止櫃檯買賣""",,,no_redemption_notice_found,搜尋結果無可信來源,,"site:tw.stock.yahoo.com/news ""15602"" ""中砂二"" ""終止櫃檯買賣""",,not_found
2026-09-20T00:00:30.896149+08:00,15602,中砂二,1560,中國砂輪企業股份有限公司,site:mops.twse.com.tw 15602 中砂二 中國砂輪企業 行使債券贖回權 終止櫃檯買賣,,,no_redemption_notice_found,搜尋結果無可信來源,,site:mops.twse.com.tw 15602 中砂二 中國砂輪企業 行使債券贖回權 終止櫃檯買賣,,not_found
2026-09-20T00:00:31.572205+08:00,15602,中砂二,1560,中國砂輪企業股份有限公司,site:tpex.org.tw 15602 中砂二 中國砂輪企業 債券收回基準日 終止櫃檯買賣日期,,,no_redemption_notice_found,搜尋結果無可信來源,,site:tpex.org.tw 15602 中砂二 中國砂輪企業 債券收回基準日 終止櫃檯買賣日期,,not_found
2026-09-20T00:00:32.424851+08:00,15602,中砂二,1560,中國砂輪企業股份有限公司,site:twse.com.tw 15602 中砂二 中國砂輪企業 停止受理轉換 收回 轉換公司債,,,no_redemption_notice_found,搜尋結果無可信來源,,site:twse.com.tw 15602 中砂二 中國砂輪企業 停止受理轉換 收回 轉換公司債,,not_found
2026-09-20T00:00:33.054969+08:00,15602,中砂二,1560,中國砂輪企業股份有限公司,site:tw.stock.yahoo.com/news 15602 中砂二 中國砂輪企業 行使債券贖回權 終止櫃檯買賣,,,no_redemption_notice_found,搜尋結果無可信來源,,site:tw.stock.yahoo.com/news 15602 中砂二 中國砂輪企業 行使債券贖回權 終止櫃檯買賣,,not_found
2026-09-20T00:00:33.696547+08:00,23032,聯電二,2303,聯華電子股份有限公司,"""23032"" ""聯電二"" ""終止櫃檯買賣""",,,no_redemption_notice_found,搜尋結果無可信來源,,"""23032"" ""聯電二"" ""終止櫃檯買賣""",,not_found
2026-09-20T00:00:34.447026+08:00,23032,聯電二,2303,聯華電子股份有限公司,"""23032"" ""聯電二"" ""行使債券贖回權""",,,no_redemption_notice_found,搜尋結果無可信來源,,"""23032"" ""聯電二"" ""行使債券贖回權""",,not_found
2026-09-20T00:00:35.093284+08:00,23032,聯電二,2303,聯華電子股份有限公司,"""23032"" ""聯電二"" ""因發行公司行使贖回權""",,,no_redemption_notice_found,搜尋結果無可信來源,,"""23032"" ""聯電二"" ""因發行公司行使贖回權""",,not_found
2026-09-20T00:00:35.722858+08:00,23032,聯電二,2303,聯華電子股份有限公司,"site:moneydj.com ""23032"" ""聯電二"" ""行使債券贖回權""",,,no_redemption_notice_found,搜尋結果無可信來源,,"site:moneydj.com ""23032"" ""聯電二"" ""行使債券贖回權""",,not_found
2026-09-20T00:00:36.389203+08:00,23032,聯電二,2303,聯華電子股份有限公司,"site:tw.stock.yahoo.com/news ""23032"" ""聯電二"" ""終止櫃檯買賣""",,,no_redemption_notice_found,搜尋結果無可信來源,,"site:tw.stock.yahoo.com/news ""23032"" ""聯電二"" ""終止櫃檯買賣""",,not_found
2026-09-20T00:00:37.153405+08:00,23032,聯電二,2303,聯華電子股份有限公司,site:mops.twse.com.tw 23032 聯電二 聯華電子 行使債券贖回權 終止櫃檯買賣,,,no_redemption_notice_found,搜尋結果無可信來源,,site:mops.twse.com.tw 23032 聯電二 聯華電子 行使債券贖回權 終止櫃檯買賣,,not_found
2026-09-20T00:00:37.773588+08:00,23032,聯電二,2303,聯華電子股份有限公司,site:tpex.org.tw 23032 聯電二 聯華電子 債券收回基準日 終止櫃檯買賣日期,,,no_redemption_notice_found,搜尋結果無可信來源,,site:tpex.org.tw 23032 聯電二 聯華電子 債券收回基準日 終止櫃檯買賣日期,,not_found
2026-09-20T00:00:38.433084+08:00,23032,聯電二,2303,聯華電子股份有限公司,site:twse.com.tw 23032 聯電二 聯華電子 停止受理轉換 收回 轉換公司債,,,no_redemption_notice_found,搜尋結果無可信來源,,site:twse.com.tw 23032 聯電二 聯華電子 停止受理轉換 收回 轉換公司債,,not_found
2026-09-20T00:00:39.171070+08:00,23032,聯電二,2303,聯華電子股份有限公司,site:tw.stock.yahoo.com/news 23032 聯電二 聯華電子 行使債券贖回權 終止櫃檯買賣,,,no_redemption_notice_found,搜尋結果無可信來源,,site:tw.stock.yahoo.com/news 23032 聯電二 聯華電子 行使債券贖回權 終止櫃檯買賣,,not_found
2026-09-20T00:00:39.808336+08:00,31494,正達四,3149,正達國際光電股份有限公司,"""31494"" ""正達四"" ""終止櫃檯買賣""",,,no_redemption_notice_found,搜尋結果無可信來源,,"""31494"" ""正達四"" ""終止櫃檯買賣""",,not_found
2026-09-20T00:00:40.459449+08:00,31494,正達四,3149,正達國際光電股份有限公司,"""31494"" ""正達四"" ""行使債券贖回權""",,,no_redemption_notice_found,搜尋結果無可信來源,,"""31494"" ""正達四"" ""行使債券贖回權""",,not_found
2026-09-20T00:00:41.081902+08:00,31494,正達四,3149,正達國際光電股份有限公司,"""31494"" ""正達四"" ""因發行公司行使贖回權""",,,no_redemption_notice_found,搜尋結果無可信來源,,"""31494"" ""正達四"" ""因發行公司行使贖回權""",,not_found
2026-09-20T00:00:41.746848+08:00,31494,正達四,3149,正達國際光電股份有限公司,"site:moneydj.com ""31494"" ""正達四"" ""行使債券贖回權""",,,no_redemption_notice_found,搜尋結果無可信來源,,"site:moneydj.com ""31494"" ""正達四"" ""行使債券贖回權""",,not_found
2026-09-20T00:00:42.409679+08:00,31494,正達四,3149,正達國際光電股份有限公司,"site:tw.stock.yahoo.com/news ""31494"" ""正達四"" ""終止櫃檯買賣""",,,no_redemption_notice_found,搜尋結果無可信來源,,"site:tw.stock.yahoo.com/news ""31494"" ""正達四"" ""終止櫃檯買賣""",,not_found
2026-09-20T00:00:43.036084+08:00,31494,正達四,3149,正達國際光電股份有限公司,site:mops.twse.com.tw 31494 正達四 正達國際光電 行使債券贖回權 終止櫃檯買賣,,,no_redemption_notice_found,搜尋結果無可信來源,,site:mops.twse.com.tw 31494 正達四 正達國際光電 行使債券贖回權 終止櫃檯買賣,,not_found
2026-09-20T00:00:43.798922+08:00,31494,正達四,3149,正達國際光電股份有限公司,site:tpex.org.tw 31494 正達四 正達國際光電 債券收回基準日 終止櫃檯買賣日期,,,no_redemption_notice_found,搜尋結果無可信來源,,site:tpex.org.tw 31494 正達四 正達國際光電 債券收回基準日 終止櫃檯買賣日期,,not_found
2026-09-20T00:00:44.586329+08:00,31494,正達四,3149,正達國際光電股份有限公司,site:twse.com.tw 31494 正達四 正達國際光電 停止受理轉換 收回 轉換公司債,,,no_redemption_notice_found,搜尋結果無可信來源,,site:twse.com.tw 31494 正達四 正達國際光電 停止受理轉換 收回 轉換公司債,,not_found
2026-09-20T00:00:45.294757+08:00,31494,正達四,3149,正達國際光電股份有限公司,site:tw.stock.yahoo.com/news 31494 正達四 正達國際光電 行使債券贖回權 終止櫃檯買賣,,,no_redemption_notice_found,搜尋結果無可信來源,,site:tw.stock.yahoo.com/news 31494 正達四 正達國際光電 行使債券贖回權 終止櫃檯買賣,,not_found
2026-09-20T00:00:45.919441+08:00,30811,聯亞一,3081,聯亞光電工業股份有限公司,"""30811"" ""聯亞一"" ""終止櫃檯買賣""",,,no_redemption_notice_found,搜尋結果無可信來源,,"""30811"" ""聯亞一"" ""終止櫃檯買賣""",,not_found
2026-09-20T00:00:46.638076+08:00,30811,聯亞一,3081,聯亞光電工業股份有限公司,"""30811"" ""聯亞一"" ""行使債券贖回權""",,,no_redemption_notice_found,搜尋結果無可信來源,,"""30811"" ""聯亞一"" ""行使債券贖回權""",,not_found
2026-09-20T00:00:47.462798+08:00,30811,聯亞一,3081,聯亞光電工業股份有限公司,"""30811"" ""聯亞一"" ""因發行公司行使贖回權""",,,no_redemption_notice_found,搜尋結果無可信來源,,"""30811"" ""聯亞一"" ""因發行公司行使贖回權""",,not_found
2026-09-20T00:00:48.123486+08:00,30811,聯亞一,3081,聯亞光電工業股份有限公司,"site:moneydj.com ""30811"" ""聯亞一"" ""行使債券贖回權""",,,no_redemption_notice_found,搜尋結果無可信來源,,"site:moneydj.com ""30811"" ""聯亞一"" ""行使債券贖回權""",,not_found
2026-09-20T00:00:49.260509+08:00,30811,聯亞一,3081,聯亞光電工業股份有限公司,"site:tw.stock.yahoo.com/news ""30811"" ""聯亞一"" ""終止櫃檯買賣""",,,no_redemption_notice_found,搜尋結果無可信來源,,"site:tw.stock.yahoo.com/news ""30811"" ""聯亞一"" ""終止櫃檯買賣""",,not_found
2026-09-20T00:00:49.923834+08:00,30811,聯亞一,3081,聯亞光電工業股份有限公司,site:mops.twse.com.tw 30811 聯亞一 聯亞光電工業 行使債券贖回權 終止櫃檯買賣,,,no_redemption_notice_found,搜尋結果無可信來源,,site:mops.twse.com.tw 30811 聯亞一 聯亞光電工業 行使債券贖回權 終止櫃檯買賣,,not_found
2026-09-20T00:00:50.718076+08:00,30811,聯亞一,3081,聯亞光電工業股份有限公司,site:tpex.org.tw 30811 聯亞一 聯亞光電工業 債券收回基準日 終止櫃檯買賣日期,,,no_redemption_notice_found,搜尋結果無可信來源,,site:tpex.org.tw 30811 聯亞一 聯亞光電工業 債券收回基準日 終止櫃檯買賣日期,,not_found
2026-09-20T00:00:51.418753+08:00,30811,聯亞一,3081,聯亞光電工業股份有限公司,site:twse.com.tw 30811 聯亞一 聯亞光電工業 停止受理轉換 收回 轉換公司債,,,no_redemption_notice_found,搜尋結果無可信來源,,site:twse.com.tw 30811 聯亞一 聯亞光電工業 停止受理轉換 收回 轉換公司債,,not_found
2026-09-20T00:00:52.076003+08:00,30811,聯亞一,3081,聯亞光電工業股份有限公司,site:tw.stock.yahoo.com/news 30811 聯亞一 聯亞光電工業 行使債券贖回權 終止櫃檯買賣,,,no_redemption_notice_found,搜尋結果無可信來源,,site:tw.stock.yahoo.com/news 30811 聯亞一 聯亞光電工業 行使債券贖回權 終止櫃檯買賣,,not_found
2026-09-20T00:00:52.716848+08:00,66831,雍智一,6683,雍智科技股份有限公司,"""66831"" ""雍智一"" ""終止櫃檯買賣""",,,no_redemption_notice_found,搜尋結果無可信來源,,"""66831"" ""雍智一"" ""終止櫃檯買賣""",,not_found
2026-09-20T00:00:53.336534+08:00,66831,雍智一,6683,雍智科技股份有限公司,"""66831"" ""雍智一"" ""行使債券贖回權""",,,no_redemption_notice_found,搜尋結果無可信來源,,"""66831"" ""雍智一"" ""行使債券贖回權""",,not_found
2026-09-20T00:00:54.074275+08:00,66831,雍智一,6683,雍智科技股份有限公司,"""66831"" ""雍智一"" ""因發行公司行使贖回權""",,,no_redemption_notice_found,搜尋結果無可信來源,,"""66831"" ""雍智一"" ""因發行公司行使贖回權""",,not_found
2026-09-20T00:00:54.725491+08:00,66831,雍智一,6683,雍智科技股份有限公司,"site:moneydj.com ""66831"" ""雍智一"" ""行使債券贖回權""",,,no_redemption_notice_found,搜尋結果無可信來源,,"site:moneydj.com ""66831"" ""雍智一"" ""行使債券贖回權""",,not_found
2026-09-20T00:00:55.404472+08:00,66831,雍智一,6683,雍智科技股份有限公司,"site:tw.stock.yahoo.com/news ""66831"" ""雍智一"" ""終止櫃檯買賣""",,,no_redemption_notice_found,搜尋結果無可信來源,,"site:tw.stock.yahoo.com/news ""66831"" ""雍智一"" ""終止櫃檯買賣""",,not_found
2026-09-20T00:00:56.059757+08:00,66831,雍智一,6683,雍智科技股份有限公司,site:mops.twse.com.tw 66831 雍智一 雍智科技 行使債券贖回權 終止櫃檯買賣,,,no_redemption_notice_found,搜尋結果無可信來源,,site:mops.twse.com.tw 66831 雍智一 雍智科技 行使債券贖回權 終止櫃檯買賣,,not_found
2026-09-20T00:00:56.863704+08:00,66831,雍智一,6683,雍智科技股份有限公司,site:tpex.org.tw 66831 雍智一 雍智科技 債券收回基準日 終止櫃檯買賣日期,,,no_redemption_notice_found,搜尋結果無可信來源,,site:tpex.org.tw 66831 雍智一 雍智科技 債券收回基準日 終止櫃檯買賣日期,,not_found
2026-09-20T00:00:57.521784+08:00,66831,雍智一,6683,雍智科技股份有限公司,site:twse.com.tw 66831 雍智一 雍智科技 停止受理轉換 收回 轉換公司債,,,no_redemption_notice_found,搜尋結果無可信來源,,site:twse.com.tw 66831 雍智一 雍智科技 停止受理轉換 收回 轉換公司債,,not_found
2026-09-20T00:00:58.210596+08:00,66831,雍智一,6683,雍智科技股份有限公司,site:tw.stock.yahoo.com/news 66831 雍智一 雍智科技 行使債券贖回權 終止櫃檯買賣,,,no_redemption_notice_found,搜尋結果無可信來源,,site:tw.stock.yahoo.com/news 66831 雍智一 雍智科技 行使債券贖回權 終止櫃檯買賣,,not_found
2026-09-20T00:00:58.847791+08:00,23031,聯電一,2303,聯華電子股份有限公司,"""23031"" ""聯電一"" ""終止櫃檯買賣""",,,no_redemption_notice_found,搜尋結果無可信來源,,"""23031"" ""聯電一"" ""終止櫃檯買賣""",,not_found
2026-09-20T00:00:59.483133+08:00,23031,聯電一,2303,聯華電子股份有限公司,"""23031"" ""聯電一"" ""行使債券贖回權""",,,no_redemption_notice_found,搜尋結果無可信來源,,"""23031"" ""聯電一"" ""行使債券贖回權""",,not_found
2026-09-20T00:01:00.216407+08:00,23031,聯電一,2303,聯華電子股份有限公司,"""23031"" ""聯電一"" ""因發行公司行使贖回權""",,,no_redemption_notice_found,搜尋結果無可信來源,,"""23031"" ""聯電一"" ""因發行公司行使贖回權""",,not_found
2026-09-20T00:01:00.849024+08:00,23031,聯電一,2303,聯華電子股份有限公司,"site:moneydj.com ""23031"" ""聯電一"" ""行使債券贖回權""",,,no_redemption_notice_found,搜尋結果無可信來源,,"site:moneydj.com ""23031"" ""聯電一"" ""行使債券贖回權""",,not_found
2026-09-20T00:01:01.474653+08:00,23031,聯電一,2303,聯華電子股份有限公司,"site:tw.stock.yahoo.com/news ""23031"" ""聯電一"" ""終止櫃檯買賣""",,,no_redemption_notice_found,搜尋結果無可信來源,,"site:tw.stock.yahoo.com/news ""23031"" ""聯電一"" ""終止櫃檯買賣""",,not_found
2026-09-20T00:01:02.104797+08:00,23031,聯電一,2303,聯華電子股份有限公司,site:mops.twse.com.tw 23031 聯電一 聯華電子 行使債券贖回權 終止櫃檯買賣,,,no_redemption_notice_found,搜尋結果無可信來源,,site:mops.twse.com.tw 23031 聯電一 聯華電子 行使債券贖回權 終止櫃檯買賣,,not_found
2026-09-20T00:01:03.041130+08:00,23031,聯電一,2303,聯華電子股份有限公司,site:tpex.org.tw 23031 聯電一 聯華電子 債券收回基準日 終止櫃檯買賣日期,,,no_redemption_notice_found,搜尋結果無可信來源,,site:tpex.org.tw 23031 聯電一 聯華電子 債券收回基準日 終止櫃檯買賣日期,,not_found
2026-09-20T00:01:03.680424+08:00,23031,聯電一,2303,聯華電子股份有限公司,site:twse.com.tw 23031 聯電一 聯華電子 停止受理轉換 收回 轉換公司債,,,no_redemption_notice_found,搜尋結果無可信來源,,site:twse.com.tw 23031 聯電一 聯華電子 停止受理轉換 收回 轉換公司債,,not_found
2026-09-20T00:01:04.349081+08:00,23031,聯電一,2303,聯華電子股份有限公司,site:tw.stock.yahoo.com/news 23031 聯電一 聯華電子 行使債券贖回權 終止櫃檯買賣,,,no_redemption_notice_found,搜尋結果無可信來源,,site:tw.stock.yahoo.com/news 23031 聯電一 聯華電子 行使債券贖回權 終止櫃檯買賣,,not_found
2026-09-20T00:01:04.996698+08:00,31414,晶宏四,3141,晶宏半導體股份有限公司,"""31414"" ""晶宏四"" ""終止櫃檯買賣""",,,no_redemption_notice_found,搜尋結果無可信來源,,"""31414"" ""晶宏四"" ""終止櫃檯買賣""",,not_found
2026-09-20T00:01:05.660904+08:00,31414,晶宏四,3141,晶宏半導體股份有限公司,"""31414"" ""晶宏四"" ""行使債券贖回權""",,,no_redemption_notice_found,搜尋結果無可信來源,,"""31414"" ""晶宏四"" ""行使債券贖回權""",,not_found
2026-09-20T00:01:06.281995+08:00,31414,晶宏四,3141,晶宏半導體股份有限公司,"""31414"" ""晶宏四"" ""因發行公司行使贖回權""",,,no_redemption_notice_found,搜尋結果無可信來源,,"""31414"" ""晶宏四"" ""因發行公司行使贖回權""",,not_found
2026-09-20T00:01:06.914474+08:00,31414,晶宏四,3141,晶宏半導體股份有限公司,"site:moneydj.com ""31414"" ""晶宏四"" ""行使債券贖回權""",,,no_redemption_notice_found,搜尋結果無可信來源,,"site:moneydj.com ""31414"" ""晶宏四"" ""行使債券贖回權""",,not_found
2026-09-20T00:01:07.566381+08:00,31414,晶宏四,3141,晶宏半導體股份有限公司,"site:tw.stock.yahoo.com/news ""31414"" ""晶宏四"" ""終止櫃檯買賣""",,,no_redemption_notice_found,搜尋結果無可信來源,,"site:tw.stock.yahoo.com/news ""31414"" ""晶宏四"" ""終止櫃檯買賣""",,not_found
2026-09-20T00:01:08.437879+08:00,31414,晶宏四,3141,晶宏半導體股份有限公司,site:mops.twse.com.tw 31414 晶宏四 晶宏半導體 行使債券贖回權 終止櫃檯買賣,,,no_redemption_notice_found,搜尋結果無可信來源,,site:mops.twse.com.tw 31414 晶宏四 晶宏半導體 行使債券贖回權 終止櫃檯買賣,,not_found
2026-09-20T00:01:09.103291+08:00,31414,晶宏四,3141,晶宏半導體股份有限公司,site:tpex.org.tw 31414 晶宏四 晶宏半導體 債券收回基準日 終止櫃檯買賣日期,,,no_redemption_notice_found,搜尋結果無可信來源,,site:tpex.org.tw 31414 晶宏四 晶宏半導體 債券收回基準日 終止櫃檯買賣日期,,not_found
2026-09-20T00:01:10.021806+08:00,31414,晶宏四,3141,晶宏半導體股份有限公司,site:twse.com.tw 31414 晶宏四 晶宏半導體 停止受理轉換 收回 轉換公司債,,,no_redemption_notice_found,搜尋結果無可信來源,,site:twse.com.tw 31414 晶宏四 晶宏半導體 停止受理轉換 收回 轉換公司債,,not_found
2026-09-20T00:01:10.920921+08:00,31414,晶宏四,3141,晶宏半導體股份有限公司,site:tw.stock.yahoo.com/news 31414 晶宏四 晶宏半導體 行使債券贖回權 終止櫃檯買賣,,,no_redemption_notice_found,搜尋結果無可信來源,,site:tw.stock.yahoo.com/news 31414 晶宏四 晶宏半導體 行使債券贖回權 終止櫃檯買賣,,not_found
2026-09-20T00:01:11.731907+08:00,69032,巨漢二,6903,巨漢系統科技股份有限公司,"""69032"" ""巨漢二"" ""終止櫃檯買賣""",,,no_redemption_notice_found,搜尋結果無可信來源,,"""69032"" ""巨漢二"" ""終止櫃檯買賣""",,not_found
2026-09-20T00:01:12.401287+08:00,69032,巨漢二,6903,巨漢系統科技股份有限公司,"""69032"" ""巨漢二"" ""行使債券贖回權""",,,no_redemption_notice_found,搜尋結果無可信來源,,"""69032"" ""巨漢二"" ""行使債券贖回權""",,not_found
2026-09-20T00:01:13.186873+08:00,69032,巨漢二,6903,巨漢系統科技股份有限公司,"""69032"" ""巨漢二"" ""因發行公司行使贖回權""",,,no_redemption_notice_found,搜尋結果無可信來源,,"""69032"" ""巨漢二"" ""因發行公司行使贖回權""",,not_found
2026-09-20T00:01:13.953269+08:00,69032,巨漢二,6903,巨漢系統科技股份有限公司,"site:moneydj.com ""69032"" ""巨漢二"" ""行使債券贖回權""",,,no_redemption_notice_found,搜尋結果無可信來源,,"site:moneydj.com ""69032"" ""巨漢二"" ""行使債券贖回權""",,not_found
2026-09-20T00:01:14.692539+08:00,69032,巨漢二,6903,巨漢系統科技股份有限公司,"site:tw.stock.yahoo.com/news ""69032"" ""巨漢二"" ""終止櫃檯買賣""",,,no_redemption_notice_found,搜尋結果無可信來源,,"site:tw.stock.yahoo.com/news ""69032"" ""巨漢二"" ""終止櫃檯買賣""",,not_found
2026-09-20T00:01:15.372174+08:00,69032,巨漢二,6903,巨漢系統科技股份有限公司,site:mops.twse.com.tw 69032 巨漢二 巨漢系統科技 行使債券贖回權 終止櫃檯買賣,,,no_redemption_notice_found,搜尋結果無可信來源,,site:mops.twse.com.tw 69032 巨漢二 巨漢系統科技 行使債券贖回權 終止櫃檯買賣,,not_found
2026-09-20T00:01:16.197247+08:00,69032,巨漢二,6903,巨漢系統科技股份有限公司,site:tpex.org.tw 69032 巨漢二 巨漢系統科技 債券收回基準日 終止櫃檯買賣日期,,,no_redemption_notice_found,搜尋結果無可信來源,,site:tpex.org.tw 69032 巨漢二 巨漢系統科技 債券收回基準日 終止櫃檯買賣日期,,not_found
2026-09-20T00:01:16.926645+08:00,69032,巨漢二,6903,巨漢系統科技股份有限公司,site:twse.com.tw 69032 巨漢二 巨漢系統科技 停止受理轉換 收回 轉換公司債,,,no_redemption_notice_found,搜尋結果無可信來源,,site:twse.com.tw 69032 巨漢二 巨漢系統科技 停止受理轉換 收回 轉換公司債,,not_found
2026-09-20T00:01:17.805472+08:00,69032,巨漢二,6903,巨漢系統科技股份有限公司,site:tw.stock.yahoo.com/news 69032 巨漢二 巨漢系統科技 行使債券贖回權 終止櫃檯買賣,,,no_redemption_notice_found,搜尋結果無可信來源,,site:tw.stock.yahoo.com/news 69032 巨漢二 巨漢系統科技 行使債券贖回權 終止櫃檯買賣,,not_found
2026-09-20T00:01:18.479896+08:00,47642,雙鍵二,4764,雙鍵化工股份有限公司,"""47642"" ""雙鍵二"" ""終止櫃檯買賣""",,,no_redemption_notice_found,搜尋結果無可信來源,,"""47642"" ""雙鍵二"" ""終止櫃檯買賣""",,not_found
2026-09-20T00:01:19.250969+08:00,47642,雙鍵二,4764,雙鍵化工股份有限公司,"""47642"" ""雙鍵二"" ""行使債券贖回權""",,,no_redemption_notice_found,搜尋結果無可信來源,,"""47642"" ""雙鍵二"" ""行使債券贖回權""",,not_found
2026-09-20T00:01:19.997342+08:00,47642,雙鍵二,4764,雙鍵化工股份有限公司,"""47642"" ""雙鍵二"" ""因發行公司行使贖回權""",,,no_redemption_notice_found,搜尋結果無可信來源,,"""47642"" ""雙鍵二"" ""因發行公司行使贖回權""",,not_found
2026-09-20T00:01:20.634644+08:00,47642,雙鍵二,4764,雙鍵化工股份有限公司,"site:moneydj.com ""47642"" ""雙鍵二"" ""行使債券贖回權""",,,no_redemption_notice_found,搜尋結果無可信來源,,"site:moneydj.com ""47642"" ""雙鍵二"" ""行使債券贖回權""",,not_found
2026-09-20T00:01:21.256590+08:00,47642,雙鍵二,4764,雙鍵化工股份有限公司,"site:tw.stock.yahoo.com/news ""47642"" ""雙鍵二"" ""終止櫃檯買賣""",,,no_redemption_notice_found,搜尋結果無可信來源,,"site:tw.stock.yahoo.com/news ""47642"" ""雙鍵二"" ""終止櫃檯買賣""",,not_found
2026-09-20T00:01:22.180955+08:00,47642,雙鍵二,4764,雙鍵化工股份有限公司,site:mops.twse.com.tw 47642 雙鍵二 雙鍵化工 行使債券贖回權 終止櫃檯買賣,,,no_redemption_notice_found,搜尋結果無可信來源,,site:mops.twse.com.tw 47642 雙鍵二 雙鍵化工 行使債券贖回權 終止櫃檯買賣,,not_found
2026-09-20T00:01:22.878118+08:00,47642,雙鍵二,4764,雙鍵化工股份有限公司,site:tpex.org.tw 47642 雙鍵二 雙鍵化工 債券收回基準日 終止櫃檯買賣日期,,,no_redemption_notice_found,搜尋結果無可信來源,,site:tpex.org.tw 47642 雙鍵二 雙鍵化工 債券收回基準日 終止櫃檯買賣日期,,not_found
2026-09-20T00:01:23.576783+08:00,47642,雙鍵二,4764,雙鍵化工股份有限公司,site:twse.com.tw 47642 雙鍵二 雙鍵化工 停止受理轉換 收回 轉換公司債,,,no_redemption_notice_found,搜尋結果無可信來源,,site:twse.com.tw 47642 雙鍵二 雙鍵化工 停止受理轉換 收回 轉換公司債,,not_found
2026-09-20T00:01:24.521855+08:00,47642,雙鍵二,4764,雙鍵化工股份有限公司,site:tw.stock.yahoo.com/news 47642 雙鍵二 雙鍵化工 行使債券贖回權 終止櫃檯買賣,,,no_redemption_notice_found,搜尋結果無可信來源,,site:tw.stock.yahoo.com/news 47642 雙鍵二 雙鍵化工 行使債券贖回權 終止櫃檯買賣,,not_found
2026-09-20T00:01:25.415684+08:00,84381,昶昕一,8438,昶昕實業股份有限公司,"""84381"" ""昶昕一"" ""終止櫃檯買賣""",,,no_redemption_notice_found,搜尋結果無可信來源,,"""84381"" ""昶昕一"" ""終止櫃檯買賣""",,not_found
2026-09-20T00:01:26.034646+08:00,84381,昶昕一,8438,昶昕實業股份有限公司,"""84381"" ""昶昕一"" ""行使債券贖回權""",,,no_redemption_notice_found,搜尋結果無可信來源,,"""84381"" ""昶昕一"" ""行使債券贖回權""",,not_found
2026-09-20T00:01:26.677482+08:00,84381,昶昕一,8438,昶昕實業股份有限公司,"""84381"" ""昶昕一"" ""因發行公司行使贖回權""",,,no_redemption_notice_found,搜尋結果無可信來源,,"""84381"" ""昶昕一"" ""因發行公司行使贖回權""",,not_found
2026-09-20T00:01:27.390896+08:00,84381,昶昕一,8438,昶昕實業股份有限公司,"site:moneydj.com ""84381"" ""昶昕一"" ""行使債券贖回權""",,,no_redemption_notice_found,搜尋結果無可信來源,,"site:moneydj.com ""84381"" ""昶昕一"" ""行使債券贖回權""",,not_found
2026-09-20T00:01:28.063428+08:00,84381,昶昕一,8438,昶昕實業股份有限公司,"site:tw.stock.yahoo.com/news ""84381"" ""昶昕一"" ""終止櫃檯買賣""",,,no_redemption_notice_found,搜尋結果無可信來源,,"site:tw.stock.yahoo.com/news ""84381"" ""昶昕一"" ""終止櫃檯買賣""",,not_found
2026-09-20T00:01:28.832314+08:00,84381,昶昕一,8438,昶昕實業股份有限公司,site:mops.twse.com.tw 84381 昶昕一 昶昕實業 行使債券贖回權 終止櫃檯買賣,,,no_redemption_notice_found,搜尋結果無可信來源,,site:mops.twse.com.tw 84381 昶昕一 昶昕實業 行使債券贖回權 終止櫃檯買賣,,not_found
2026-09-20T00:01:29.691798+08:00,84381,昶昕一,8438,昶昕實業股份有限公司,site:tpex.org.tw 84381 昶昕一 昶昕實業 債券收回基準日 終止櫃檯買賣日期,,,no_redemption_notice_found,搜尋結果無可信來源,,site:tpex.org.tw 84381 昶昕一 昶昕實業 債券收回基準日 終止櫃檯買賣日期,,not_found
2026-09-20T00:01:30.510928+08:00,84381,昶昕一,8438,昶昕實業股份有限公司,site:twse.com.tw 84381 昶昕一 昶昕實業 停止受理轉換 收回 轉換公司債,,,no_redemption_notice_found,搜尋結果無可信來源,,site:twse.com.tw 84381 昶昕一 昶昕實業 停止受理轉換 收回 轉換公司債,,not_found
2026-09-20T00:01:31.626193+08:00,84381,昶昕一,8438,昶昕實業股份有限公司,site:tw.stock.yahoo.com/news 84381 昶昕一 昶昕實業 行使債券贖回權 終止櫃檯買賣,,,no_redemption_notice_found,搜尋結果無可信來源,,site:tw.stock.yahoo.com/news 84381 昶昕一 昶昕實業 行使債券贖回權 終止櫃檯買賣,,not_found
2026-09-20T00:01:32.256711+08:00,55362,聖暉二,5536,聖暉工程科技股份有限公司,"""55362"" ""聖暉二"" ""終止櫃檯買賣""",,,no_redemption_notice_found,搜尋結果無可信來源,,"""55362"" ""聖暉二"" ""終止櫃檯買賣""",,not_found
2026-09-20T00:01:32.910985+08:00,55362,聖暉二,5536,聖暉工程科技股份有限公司,"""55362"" ""聖暉二"" ""行使債券贖回權""",,,no_redemption_notice_found,搜尋結果無可信來源,,"""55362"" ""聖暉二"" ""行使債券贖回權""",,not_found
2026-09-20T00:01:33.628173+08:00,55362,聖暉二,5536,聖暉工程科技股份有限公司,"""55362"" ""聖暉二"" ""因發行公司行使贖回權""",,,no_redemption_notice_found,搜尋結果無可信來源,,"""55362"" ""聖暉二"" ""因發行公司行使贖回權""",,not_found
2026-09-20T00:01:34.266700+08:00,55362,聖暉二,5536,聖暉工程科技股份有限公司,"site:moneydj.com ""55362"" ""聖暉二"" ""行使債券贖回權""",,,no_redemption_notice_found,搜尋結果無可信來源,,"site:moneydj.com ""55362"" ""聖暉二"" ""行使債券贖回權""",,not_found
2026-09-20T00:01:35.044176+08:00,55362,聖暉二,5536,聖暉工程科技股份有限公司,"site:tw.stock.yahoo.com/news ""55362"" ""聖暉二"" ""終止櫃檯買賣""",,,no_redemption_notice_found,搜尋結果無可信來源,,"site:tw.stock.yahoo.com/news ""55362"" ""聖暉二"" ""終止櫃檯買賣""",,not_found
2026-09-20T00:01:35.699589+08:00,55362,聖暉二,5536,聖暉工程科技股份有限公司,site:mops.twse.com.tw 55362 聖暉二 聖暉工程科技 行使債券贖回權 終止櫃檯買賣,,,no_redemption_notice_found,搜尋結果無可信來源,,site:mops.twse.com.tw 55362 聖暉二 聖暉工程科技 行使債券贖回權 終止櫃檯買賣,,not_found
2026-09-20T00:01:36.366661+08:00,55362,聖暉二,5536,聖暉工程科技股份有限公司,site:tpex.org.tw 55362 聖暉二 聖暉工程科技 債券收回基準日 終止櫃檯買賣日期,,,no_redemption_notice_found,搜尋結果無可信來源,,site:tpex.org.tw 55362 聖暉二 聖暉工程科技 債券收回基準日 終止櫃檯買賣日期,,not_found
2026-09-20T00:01:37.258140+08:00,55362,聖暉二,5536,聖暉工程科技股份有限公司,site:twse.com.tw 55362 聖暉二 聖暉工程科技 停止受理轉換 收回 轉換公司債,,,no_redemption_notice_found,搜尋結果無可信來源,,site:twse.com.tw 55362 聖暉二 聖暉工程科技 停止受理轉換 收回 轉換公司債,,not_found
2026-09-20T00:01:38.005536+08:00,55362,聖暉二,5536,聖暉工程科技股份有限公司,site:tw.stock.yahoo.com/news 55362 聖暉二 聖暉工程科技 行使債券贖回權 終止櫃檯買賣,,,no_redemption_notice_found,搜尋結果無可信來源,,site:tw.stock.yahoo.com/news 55362 聖暉二 聖暉工程科技 行使債券贖回權 終止櫃檯買賣,,not_found
2026-09-20T00:01:38.649165+08:00,81552,博智二,8155,博智電子股份有限公司,"""81552"" ""博智二"" ""終止櫃檯買賣""",,,no_redemption_notice_found,搜尋結果無可信來源,,"""81552"" ""博智二"" ""終止櫃檯買賣""",,not_found
2026-09-20T00:01:39.269519+08:00,81552,博智二,8155,博智電子股份有限公司,"""81552"" ""博智二"" ""行使債券贖回權""",,,no_redemption_notice_found,搜尋結果無可信來源,,"""81552"" ""博智二"" ""行使債券贖回權""",,not_found
2026-09-20T00:01:39.894453+08:00,81552,博智二,8155,博智電子股份有限公司,"""81552"" ""博智二"" ""因發行公司行使贖回權""",,,no_redemption_notice_found,搜尋結果無可信來源,,"""81552"" ""博智二"" ""因發行公司行使贖回權""",,not_found
2026-09-20T00:01:40.540687+08:00,81552,博智二,8155,博智電子股份有限公司,"site:moneydj.com ""81552"" ""博智二"" ""行使債券贖回權""",,,no_redemption_notice_found,搜尋結果無可信來源,,"site:moneydj.com ""81552"" ""博智二"" ""行使債券贖回權""",,not_found
2026-09-20T00:01:41.222533+08:00,81552,博智二,8155,博智電子股份有限公司,"site:tw.stock.yahoo.com/news ""81552"" ""博智二"" ""終止櫃檯買賣""",,,no_redemption_notice_found,搜尋結果無可信來源,,"site:tw.stock.yahoo.com/news ""81552"" ""博智二"" ""終止櫃檯買賣""",,not_found
2026-09-20T00:01:41.896665+08:00,81552,博智二,8155,博智電子股份有限公司,site:mops.twse.com.tw 81552 博智二 博智電子 行使債券贖回權 終止櫃檯買賣,,,no_redemption_notice_found,搜尋結果無可信來源,,site:mops.twse.com.tw 81552 博智二 博智電子 行使債券贖回權 終止櫃檯買賣,,not_found
2026-09-20T00:01:42.536790+08:00,81552,博智二,8155,博智電子股份有限公司,site:tpex.org.tw 81552 博智二 博智電子 債券收回基準日 終止櫃檯買賣日期,,,no_redemption_notice_found,搜尋結果無可信來源,,site:tpex.org.tw 81552 博智二 博智電子 債券收回基準日 終止櫃檯買賣日期,,not_found
2026-09-20T00:01:43.235731+08:00,81552,博智二,8155,博智電子股份有限公司,site:twse.com.tw 81552 博智二 博智電子 停止受理轉換 收回 轉換公司債,,,no_redemption_notice_found,搜尋結果無可信來源,,site:twse.com.tw 81552 博智二 博智電子 停止受理轉換 收回 轉換公司債,,not_found
2026-09-20T00:01:43.900113+08:00,81552,博智二,8155,博智電子股份有限公司,site:tw.stock.yahoo.com/news 81552 博智二 博智電子 行使債券贖回權 終止櫃檯買賣,,,no_redemption_notice_found,搜尋結果無可信來源,,site:tw.stock.yahoo.com/news 81552 博智二 博智電子 行使債券贖回權 終止櫃檯買賣,,not_found
2026-09-20T00:01:44.564214+08:00,35833,辛耘三,3583,辛耘企業股份有限公司,"""35833"" ""辛耘三"" ""終止櫃檯買賣""",,,no_redemption_notice_found,搜尋結果無可信來源,,"""35833"" ""辛耘三"" ""終止櫃檯買賣""",,not_found
2026-09-20T00:01:45.258666+08:00,35833,辛耘三,3583,辛耘企業股份有限公司,"""35833"" ""辛耘三"" ""行使債券贖回權""",,,no_redemption_notice_found,搜尋結果無可信來源,,"""35833"" ""辛耘三"" ""行使債券贖回權""",,not_found
2026-09-20T00:01:45.902248+08:00,35833,辛耘三,3583,辛耘企業股份有限公司,"""35833"" ""辛耘三"" ""因發行公司行使贖回權""",,,no_redemption_notice_found,搜尋結果無可信來源,,"""35833"" ""辛耘三"" ""因發行公司行使贖回權""",,not_found
2026-09-20T00:01:46.536452+08:00,35833,辛耘三,3583,辛耘企業股份有限公司,"site:moneydj.com ""35833"" ""辛耘三"" ""行使債券贖回權""",,,no_redemption_notice_found,搜尋結果無可信來源,,"site:moneydj.com ""35833"" ""辛耘三"" ""行使債券贖回權""",,not_found
2026-09-20T00:01:47.198181+08:00,35833,辛耘三,3583,辛耘企業股份有限公司,"site:tw.stock.yahoo.com/news ""35833"" ""辛耘三"" ""終止櫃檯買賣""",,,no_redemption_notice_found,搜尋結果無可信來源,,"site:tw.stock.yahoo.com/news ""35833"" ""辛耘三"" ""終止櫃檯買賣""",,not_found
2026-09-20T00:01:47.841122+08:00,35833,辛耘三,3583,辛耘企業股份有限公司,site:mops.twse.com.tw 35833 辛耘三 辛耘企業 行使債券贖回權 終止櫃檯買賣,,,no_redemption_notice_found,搜尋結果無可信來源,,site:mops.twse.com.tw 35833 辛耘三 辛耘企業 行使債券贖回權 終止櫃檯買賣,,not_found
2026-09-20T00:01:48.471250+08:00,35833,辛耘三,3583,辛耘企業股份有限公司,site:tpex.org.tw 35833 辛耘三 辛耘企業 債券收回基準日 終止櫃檯買賣日期,,,no_redemption_notice_found,搜尋結果無可信來源,,site:tpex.org.tw 35833 辛耘三 辛耘企業 債券收回基準日 終止櫃檯買賣日期,,not_found
2026-09-20T00:01:49.141571+08:00,35833,辛耘三,3583,辛耘企業股份有限公司,site:twse.com.tw 35833 辛耘三 辛耘企業 停止受理轉換 收回 轉換公司債,,,no_redemption_notice_found,搜尋結果無可信來源,,site:twse.com.tw 35833 辛耘三 辛耘企業 停止受理轉換 收回 轉換公司債,,not_found
2026-09-20T00:01:49.830423+08:00,35833,辛耘三,3583,辛耘企業股份有限公司,site:tw.stock.yahoo.com/news 35833 辛耘三 辛耘企業 行使債券贖回權 終止櫃檯買賣,,,no_redemption_notice_found,搜尋結果無可信來源,,site:tw.stock.yahoo.com/news 35833 辛耘三 辛耘企業 行使債券贖回權 終止櫃檯買賣,,not_found
2026-09-20T00:01:50.588434+08:00,52912,邑昇二,5291,邑昇實業股份有限公司,"""52912"" ""邑昇二"" ""終止櫃檯買賣""",,,no_redemption_notice_found,搜尋結果無可信來源,,"""52912"" ""邑昇二"" ""終止櫃檯買賣""",,not_found
2026-09-20T00:01:51.232718+08:00,52912,邑昇二,5291,邑昇實業股份有限公司,"""52912"" ""邑昇二"" ""行使債券贖回權""",,,no_redemption_notice_found,搜尋結果無可信來源,,"""52912"" ""邑昇二"" ""行使債券贖回權""",,not_found
2026-09-20T00:01:51.899182+08:00,52912,邑昇二,5291,邑昇實業股份有限公司,"""52912"" ""邑昇二"" ""因發行公司行使贖回權""",,,no_redemption_notice_found,搜尋結果無可信來源,,"""52912"" ""邑昇二"" ""因發行公司行使贖回權""",,not_found
2026-09-20T00:01:52.668206+08:00,52912,邑昇二,5291,邑昇實業股份有限公司,"site:moneydj.com ""52912"" ""邑昇二"" ""行使債券贖回權""",,,no_redemption_notice_found,搜尋結果無可信來源,,"site:moneydj.com ""52912"" ""邑昇二"" ""行使債券贖回權""",,not_found
2026-09-20T00:01:53.410230+08:00,52912,邑昇二,5291,邑昇實業股份有限公司,"site:tw.stock.yahoo.com/news ""52912"" ""邑昇二"" ""終止櫃檯買賣""",,,no_redemption_notice_found,搜尋結果無可信來源,,"site:tw.stock.yahoo.com/news ""52912"" ""邑昇二"" ""終止櫃檯買賣""",,not_found
2026-09-20T00:01:54.201971+08:00,52912,邑昇二,5291,邑昇實業股份有限公司,site:mops.twse.com.tw 52912 邑昇二 邑昇實業 行使債券贖回權 終止櫃檯買賣,,,no_redemption_notice_found,搜尋結果無可信來源,,site:mops.twse.com.tw 52912 邑昇二 邑昇實業 行使債券贖回權 終止櫃檯買賣,,not_found
2026-09-20T00:01:54.829009+08:00,52912,邑昇二,5291,邑昇實業股份有限公司,site:tpex.org.tw 52912 邑昇二 邑昇實業 債券收回基準日 終止櫃檯買賣日期,,,no_redemption_notice_found,搜尋結果無可信來源,,site:tpex.org.tw 52912 邑昇二 邑昇實業 債券收回基準日 終止櫃檯買賣日期,,not_found
2026-09-20T00:01:55.614336+08:00,52912,邑昇二,5291,邑昇實業股份有限公司,site:twse.com.tw 52912 邑昇二 邑昇實業 停止受理轉換 收回 轉換公司債,,,no_redemption_notice_found,搜尋結果無可信來源,,site:twse.com.tw 52912 邑昇二 邑昇實業 停止受理轉換 收回 轉換公司債,,not_found
2026-09-20T00:01:56.553816+08:00,52912,邑昇二,5291,邑昇實業股份有限公司,site:tw.stock.yahoo.com/news 52912 邑昇二 邑昇實業 行使債券贖回權 終止櫃檯買賣,,,no_redemption_notice_found,搜尋結果無可信來源,,site:tw.stock.yahoo.com/news 52912 邑昇二 邑昇實業 行使債券贖回權 終止櫃檯買賣,,not_found
2026-09-20T00:01:57.171948+08:00,30285,增你強五,3028,增你強股份有限公司,"""30285"" ""增你強五"" ""終止櫃檯買賣""",,,no_redemption_notice_found,搜尋結果無可信來源,,"""30285"" ""增你強五"" ""終止櫃檯買賣""",,not_found
2026-09-20T00:01:57.836591+08:00,30285,增你強五,3028,增你強股份有限公司,"""30285"" ""增你強五"" ""行使債券贖回權""",,,no_redemption_notice_found,搜尋結果無可信來源,,"""30285"" ""增你強五"" ""行使債券贖回權""",,not_found
2026-09-20T00:01:58.504342+08:00,30285,增你強五,3028,增你強股份有限公司,"""30285"" ""增你強五"" ""因發行公司行使贖回權""",,,no_redemption_notice_found,搜尋結果無可信來源,,"""30285"" ""增你強五"" ""因發行公司行使贖回權""",,not_found
2026-09-20T00:01:59.116241+08:00,30285,增你強五,3028,增你強股份有限公司,"site:moneydj.com ""30285"" ""增你強五"" ""行使債券贖回權""",,,no_redemption_notice_found,搜尋結果無可信來源,,"site:moneydj.com ""30285"" ""增你強五"" ""行使債券贖回權""",,not_found
2026-09-20T00:01:59.738710+08:00,30285,增你強五,3028,增你強股份有限公司,"site:tw.stock.yahoo.com/news ""30285"" ""增你強五"" ""終止櫃檯買賣""",,,no_redemption_notice_found,搜尋結果無可信來源,,"site:tw.stock.yahoo.com/news ""30285"" ""增你強五"" ""終止櫃檯買賣""",,not_found
2026-09-20T00:02:00.362348+08:00,30285,增你強五,3028,增你強股份有限公司,site:mops.twse.com.tw 30285 增你強五 增你強 行使債券贖回權 終止櫃檯買賣,,,no_redemption_notice_found,搜尋結果無可信來源,,site:mops.twse.com.tw 30285 增你強五 增你強 行使債券贖回權 終止櫃檯買賣,,not_found
2026-09-20T00:02:01.013196+08:00,30285,增你強五,3028,增你強股份有限公司,site:tpex.org.tw 30285 增你強五 增你強 債券收回基準日 終止櫃檯買賣日期,,,no_redemption_notice_found,搜尋結果無可信來源,,site:tpex.org.tw 30285 增你強五 增你強 債券收回基準日 終止櫃檯買賣日期,,not_found
2026-09-20T00:02:01.745893+08:00,30285,增你強五,3028,增你強股份有限公司,site:twse.com.tw 30285 增你強五 增你強 停止受理轉換 收回 轉換公司債,,,no_redemption_notice_found,搜尋結果無可信來源,,site:twse.com.tw 30285 增你強五 增你強 停止受理轉換 收回 轉換公司債,,not_found
2026-09-20T00:02:02.439969+08:00,30285,增你強五,3028,增你強股份有限公司,site:tw.stock.yahoo.com/news 30285 增你強五 增你強 行使債券贖回權 終止櫃檯買賣,,,no_redemption_notice_found,搜尋結果無可信來源,,site:tw.stock.yahoo.com/news 30285 增你強五 增你強 行使債券贖回權 終止櫃檯買賣,,not_found
2026-09-20T00:02:03.072005+08:00,66931,廣閎科一,6693,廣閎科技股份有限公司,"""66931"" ""廣閎科一"" ""終止櫃檯買賣""",,,no_redemption_notice_found,搜尋結果無可信來源,,"""66931"" ""廣閎科一"" ""終止櫃檯買賣""",,not_found
2026-09-20T00:02:03.687807+08:00,66931,廣閎科一,6693,廣閎科技股份有限公司,"""66931"" ""廣閎科一"" ""行使債券贖回權""",,,no_redemption_notice_found,搜尋結果無可信來源,,"""66931"" ""廣閎科一"" ""行使債券贖回權""",,not_found
2026-09-20T00:02:04.331650+08:00,66931,廣閎科一,6693,廣閎科技股份有限公司,"""66931"" ""廣閎科一"" ""因發行公司行使贖回權""",,,no_redemption_notice_found,搜尋結果無可信來源,,"""66931"" ""廣閎科一"" ""因發行公司行使贖回權""",,not_found
2026-09-20T00:02:04.984017+08:00,66931,廣閎科一,6693,廣閎科技股份有限公司,"site:moneydj.com ""66931"" ""廣閎科一"" ""行使債券贖回權""",,,no_redemption_notice_found,搜尋結果無可信來源,,"site:moneydj.com ""66931"" ""廣閎科一"" ""行使債券贖回權""",,not_found
2026-09-20T00:02:05.714053+08:00,66931,廣閎科一,6693,廣閎科技股份有限公司,"site:tw.stock.yahoo.com/news ""66931"" ""廣閎科一"" ""終止櫃檯買賣""",,,no_redemption_notice_found,搜尋結果無可信來源,,"site:tw.stock.yahoo.com/news ""66931"" ""廣閎科一"" ""終止櫃檯買賣""",,not_found
2026-09-20T00:02:06.356003+08:00,66931,廣閎科一,6693,廣閎科技股份有限公司,site:mops.twse.com.tw 66931 廣閎科一 廣閎科技 行使債券贖回權 終止櫃檯買賣,,,no_redemption_notice_found,搜尋結果無可信來源,,site:mops.twse.com.tw 66931 廣閎科一 廣閎科技 行使債券贖回權 終止櫃檯買賣,,not_found
2026-09-20T00:02:06.987418+08:00,66931,廣閎科一,6693,廣閎科技股份有限公司,site:tpex.org.tw 66931 廣閎科一 廣閎科技 債券收回基準日 終止櫃檯買賣日期,,,no_redemption_notice_found,搜尋結果無可信來源,,site:tpex.org.tw 66931 廣閎科一 廣閎科技 債券收回基準日 終止櫃檯買賣日期,,not_found
2026-09-20T00:02:07.640120+08:00,66931,廣閎科一,6693,廣閎科技股份有限公司,site:twse.com.tw 66931 廣閎科一 廣閎科技 停止受理轉換 收回 轉換公司債,,,no_redemption_notice_found,搜尋結果無可信來源,,site:twse.com.tw 66931 廣閎科一 廣閎科技 停止受理轉換 收回 轉換公司債,,not_found
2026-09-20T00:02:08.426440+08:00,66931,廣閎科一,6693,廣閎科技股份有限公司,site:tw.stock.yahoo.com/news 66931 廣閎科一 廣閎科技 行使債券贖回權 終止櫃檯買賣,,,no_redemption_notice_found,搜尋結果無可信來源,,site:tw.stock.yahoo.com/news 66931 廣閎科一 廣閎科技 行使債券贖回權 終止櫃檯買賣,,not_found
2026-09-20T00:02:09.046976+08:00,68692,雲豹能源二,6869,雲豹能源科技股份有限公司,"""68692"" ""雲豹能源二"" ""終止櫃檯買賣""",,,no_redemption_notice_found,搜尋結果無可信來源,,"""68692"" ""雲豹能源二"" ""終止櫃檯買賣""",,not_found
2026-09-20T00:02:10.040424+08:00,68692,雲豹能源二,6869,雲豹能源科技股份有限公司,"""68692"" ""雲豹能源二"" ""行使債券贖回權""",,,no_redemption_notice_found,搜尋結果無可信來源,,"""68692"" ""雲豹能源二"" ""行使債券贖回權""",,not_found
2026-09-20T00:02:10.681257+08:00,68692,雲豹能源二,6869,雲豹能源科技股份有限公司,"""68692"" ""雲豹能源二"" ""因發行公司行使贖回權""",,,no_redemption_notice_found,搜尋結果無可信來源,,"""68692"" ""雲豹能源二"" ""因發行公司行使贖回權""",,not_found
2026-09-20T00:02:11.320746+08:00,68692,雲豹能源二,6869,雲豹能源科技股份有限公司,"site:moneydj.com ""68692"" ""雲豹能源二"" ""行使債券贖回權""",,,no_redemption_notice_found,搜尋結果無可信來源,,"site:moneydj.com ""68692"" ""雲豹能源二"" ""行使債券贖回權""",,not_found
2026-09-20T00:02:12.063650+08:00,68692,雲豹能源二,6869,雲豹能源科技股份有限公司,"site:tw.stock.yahoo.com/news ""68692"" ""雲豹能源二"" ""終止櫃檯買賣""",,,no_redemption_notice_found,搜尋結果無可信來源,,"site:tw.stock.yahoo.com/news ""68692"" ""雲豹能源二"" ""終止櫃檯買賣""",,not_found
2026-09-20T00:02:12.689799+08:00,68692,雲豹能源二,6869,雲豹能源科技股份有限公司,site:mops.twse.com.tw 68692 雲豹能源二 雲豹能源科技 行使債券贖回權 終止櫃檯買賣,,,no_redemption_notice_found,搜尋結果無可信來源,,site:mops.twse.com.tw 68692 雲豹能源二 雲豹能源科技 行使債券贖回權 終止櫃檯買賣,,not_found
2026-09-20T00:02:13.323016+08:00,68692,雲豹能源二,6869,雲豹能源科技股份有限公司,site:tpex.org.tw 68692 雲豹能源二 雲豹能源科技 債券收回基準日 終止櫃檯買賣日期,,,no_redemption_notice_found,搜尋結果無可信來源,,site:tpex.org.tw 68692 雲豹能源二 雲豹能源科技 債券收回基準日 終止櫃檯買賣日期,,not_found
2026-09-20T00:02:13.960421+08:00,68692,雲豹能源二,6869,雲豹能源科技股份有限公司,site:twse.com.tw 68692 雲豹能源二 雲豹能源科技 停止受理轉換 收回 轉換公司債,,,no_redemption_notice_found,搜尋結果無可信來源,,site:twse.com.tw 68692 雲豹能源二 雲豹能源科技 停止受理轉換 收回 轉換公司債,,not_found
2026-09-20T00:02:14.965337+08:00,68692,雲豹能源二,6869,雲豹能源科技股份有限公司,site:tw.stock.yahoo.com/news 68692 雲豹能源二 雲豹能源科技 行使債券贖回權 終止櫃檯買賣,,,no_redemption_notice_found,搜尋結果無可信來源,,site:tw.stock.yahoo.com/news 68692 雲豹能源二 雲豹能源科技 行使債券贖回權 終止櫃檯買賣,,not_found
2026-09-20T00:02:15.626837+08:00,69031,巨漢一,6903,巨漢系統科技股份有限公司,"""69031"" ""巨漢一"" ""終止櫃檯買賣""",,,no_redemption_notice_found,搜尋結果無可信來源,,"""69031"" ""巨漢一"" ""終止櫃檯買賣""",,not_found
2026-09-20T00:02:16.271666+08:00,69031,巨漢一,6903,巨漢系統科技股份有限公司,"""69031"" ""巨漢一"" ""行使債券贖回權""",,,no_redemption_notice_found,搜尋結果無可信來源,,"""69031"" ""巨漢一"" ""行使債券贖回權""",,not_found
2026-09-20T00:02:16.999411+08:00,69031,巨漢一,6903,巨漢系統科技股份有限公司,"""69031"" ""巨漢一"" ""因發行公司行使贖回權""",,,no_redemption_notice_found,搜尋結果無可信來源,,"""69031"" ""巨漢一"" ""因發行公司行使贖回權""",,not_found
2026-09-20T00:02:17.728213+08:00,69031,巨漢一,6903,巨漢系統科技股份有限公司,"site:moneydj.com ""69031"" ""巨漢一"" ""行使債券贖回權""",,,no_redemption_notice_found,搜尋結果無可信來源,,"site:moneydj.com ""69031"" ""巨漢一"" ""行使債券贖回權""",,not_found
2026-09-20T00:02:18.411332+08:00,69031,巨漢一,6903,巨漢系統科技股份有限公司,"site:tw.stock.yahoo.com/news ""69031"" ""巨漢一"" ""終止櫃檯買賣""",,,no_redemption_notice_found,搜尋結果無可信來源,,"site:tw.stock.yahoo.com/news ""69031"" ""巨漢一"" ""終止櫃檯買賣""",,not_found
2026-09-20T00:02:19.028518+08:00,69031,巨漢一,6903,巨漢系統科技股份有限公司,site:mops.twse.com.tw 69031 巨漢一 巨漢系統科技 行使債券贖回權 終止櫃檯買賣,,,no_redemption_notice_found,搜尋結果無可信來源,,site:mops.twse.com.tw 69031 巨漢一 巨漢系統科技 行使債券贖回權 終止櫃檯買賣,,not_found
2026-09-20T00:02:20.216873+08:00,69031,巨漢一,6903,巨漢系統科技股份有限公司,site:tpex.org.tw 69031 巨漢一 巨漢系統科技 債券收回基準日 終止櫃檯買賣日期,,,no_redemption_notice_found,搜尋結果無可信來源,,site:tpex.org.tw 69031 巨漢一 巨漢系統科技 債券收回基準日 終止櫃檯買賣日期,,not_found
2026-09-20T00:02:20.898884+08:00,69031,巨漢一,6903,巨漢系統科技股份有限公司,site:twse.com.tw 69031 巨漢一 巨漢系統科技 停止受理轉換 收回 轉換公司債,,,no_redemption_notice_found,搜尋結果無可信來源,,site:twse.com.tw 69031 巨漢一 巨漢系統科技 停止受理轉換 收回 轉換公司債,,not_found
2026-09-20T00:02:21.094057+08:00,69031,巨漢一,6903,巨漢系統科技股份有限公司,site:tw.stock.yahoo.com/news 69031 巨漢一 巨漢系統科技 行使債券贖回權 終止櫃檯買賣,,,no_redemption_notice_found,搜尋結果無可信來源,,site:tw.stock.yahoo.com/news 69031 巨漢一 巨漢系統科技 行使債券贖回權 終止櫃檯買賣,,not_found
2026-09-20T00:02:31.190556+08:00,84423,威宏三KY,8442,威宏控股股份有限公司,"""84423"" ""威宏三KY"" ""終止櫃檯買賣""",,,no_redemption_notice_found,搜尋結果無可信來源,,"""84423"" ""威宏三KY"" ""終止櫃檯買賣""",,not_found
2026-09-20T00:02:41.296626+08:00,84423,威宏三KY,8442,威宏控股股份有限公司,"""84423"" ""威宏三KY"" ""行使債券贖回權""",,,no_redemption_notice_found,搜尋結果無可信來源,,"""84423"" ""威宏三KY"" ""行使債券贖回權""",,not_found
2026-09-20T00:02:51.392425+08:00,84423,威宏三KY,8442,威宏控股股份有限公司,"""84423"" ""威宏三KY"" ""因發行公司行使贖回權""",,,no_redemption_notice_found,搜尋結果無可信來源,,"""84423"" ""威宏三KY"" ""因發行公司行使贖回權""",,not_found
2026-09-20T00:03:01.734492+08:00,84423,威宏三KY,8442,威宏控股股份有限公司,"site:moneydj.com ""84423"" ""威宏三KY"" ""行使債券贖回權""",,,no_redemption_notice_found,搜尋結果無可信來源,,"site:moneydj.com ""84423"" ""威宏三KY"" ""行使債券贖回權""",,not_found
2026-09-20T00:03:11.867964+08:00,84423,威宏三KY,8442,威宏控股股份有限公司,"site:tw.stock.yahoo.com/news ""84423"" ""威宏三KY"" ""終止櫃檯買賣""",,,no_redemption_notice_found,搜尋結果無可信來源,,"site:tw.stock.yahoo.com/news ""84423"" ""威宏三KY"" ""終止櫃檯買賣""",,not_found
2026-09-20T00:03:21.970731+08:00,84423,威宏三KY,8442,威宏控股股份有限公司,site:mops.twse.com.tw 84423 威宏三KY 威宏控股 行使債券贖回權 終止櫃檯買賣,,,no_redemption_notice_found,搜尋結果無可信來源,,site:mops.twse.com.tw 84423 威宏三KY 威宏控股 行使債券贖回權 終止櫃檯買賣,,not_found
2026-09-20T00:03:32.069972+08:00,84423,威宏三KY,8442,威宏控股股份有限公司,site:tpex.org.tw 84423 威宏三KY 威宏控股 債券收回基準日 終止櫃檯買賣日期,,,no_redemption_notice_found,搜尋結果無可信來源,,site:tpex.org.tw 84423 威宏三KY 威宏控股 債券收回基準日 終止櫃檯買賣日期,,not_found
2026-09-20T00:03:42.161550+08:00,84423,威宏三KY,8442,威宏控股股份有限公司,site:twse.com.tw 84423 威宏三KY 威宏控股 停止受理轉換 收回 轉換公司債,,,no_redemption_notice_found,搜尋結果無可信來源,,site:twse.com.tw 84423 威宏三KY 威宏控股 停止受理轉換 收回 轉換公司債,,not_found
2026-09-20T00:03:52.409225+08:00,84423,威宏三KY,8442,威宏控股股份有限公司,site:tw.stock.yahoo.com/news 84423 威宏三KY 威宏控股 行使債券贖回權 終止櫃檯買賣,,,no_redemption_notice_found,搜尋結果無可信來源,,site:tw.stock.yahoo.com/news 84423 威宏三KY 威宏控股 行使債券贖回權 終止櫃檯買賣,,not_found
2026-09-20T00:04:02.496820+08:00,24867,一詮七,2486,一詮精密工業股份有限公司,"""24867"" ""一詮七"" ""終止櫃檯買賣""",,,no_redemption_notice_found,搜尋結果無可信來源,,"""24867"" ""一詮七"" ""終止櫃檯買賣""",,not_found
2026-09-20T00:04:12.813746+08:00,24867,一詮七,2486,一詮精密工業股份有限公司,"""24867"" ""一詮七"" ""行使債券贖回權""",,,no_redemption_notice_found,搜尋結果無可信來源,,"""24867"" ""一詮七"" ""行使債券贖回權""",,not_found
2026-09-20T00:04:22.914468+08:00,24867,一詮七,2486,一詮精密工業股份有限公司,"""24867"" ""一詮七"" ""因發行公司行使贖回權""",,,no_redemption_notice_found,搜尋結果無可信來源,,"""24867"" ""一詮七"" ""因發行公司行使贖回權""",,not_found
2026-09-20T00:04:33.007031+08:00,24867,一詮七,2486,一詮精密工業股份有限公司,"site:moneydj.com ""24867"" ""一詮七"" ""行使債券贖回權""",,,no_redemption_notice_found,搜尋結果無可信來源,,"site:moneydj.com ""24867"" ""一詮七"" ""行使債券贖回權""",,not_found
2026-09-20T00:04:43.197670+08:00,24867,一詮七,2486,一詮精密工業股份有限公司,"site:tw.stock.yahoo.com/news ""24867"" ""一詮七"" ""終止櫃檯買賣""",,,no_redemption_notice_found,搜尋結果無可信來源,,"site:tw.stock.yahoo.com/news ""24867"" ""一詮七"" ""終止櫃檯買賣""",,not_found
2026-09-20T00:04:53.447649+08:00,24867,一詮七,2486,一詮精密工業股份有限公司,site:mops.twse.com.tw 24867 一詮七 一詮精密工業 行使債券贖回權 終止櫃檯買賣,,,no_redemption_notice_found,搜尋結果無可信來源,,site:mops.twse.com.tw 24867 一詮七 一詮精密工業 行使債券贖回權 終止櫃檯買賣,,not_found
2026-09-20T00:05:03.605678+08:00,24867,一詮七,2486,一詮精密工業股份有限公司,site:tpex.org.tw 24867 一詮七 一詮精密工業 債券收回基準日 終止櫃檯買賣日期,,,no_redemption_notice_found,搜尋結果無可信來源,,site:tpex.org.tw 24867 一詮七 一詮精密工業 債券收回基準日 終止櫃檯買賣日期,,not_found
2026-09-20T00:05:13.816004+08:00,24867,一詮七,2486,一詮精密工業股份有限公司,site:twse.com.tw 24867 一詮七 一詮精密工業 停止受理轉換 收回 轉換公司債,,,no_redemption_notice_found,搜尋結果無可信來源,,site:twse.com.tw 24867 一詮七 一詮精密工業 停止受理轉換 收回 轉換公司債,,not_found
2026-09-20T00:05:24.089685+08:00,24867,一詮七,2486,一詮精密工業股份有限公司,site:tw.stock.yahoo.com/news 24867 一詮七 一詮精密工業 行使債券贖回權 終止櫃檯買賣,,,no_redemption_notice_found,搜尋結果無可信來源,,site:tw.stock.yahoo.com/news 24867 一詮七 一詮精密工業 行使債券贖回權 終止櫃檯買賣,,not_found
2026-09-20T00:05:34.253041+08:00,49311,新盛力一,4931,新盛力科技股份有限公司,"""49311"" ""新盛力一"" ""終止櫃檯買賣""",,,no_redemption_notice_found,搜尋結果無可信來源,,"""49311"" ""新盛力一"" ""終止櫃檯買賣""",,not_found
2026-09-20T00:05:44.362577+08:00,49311,新盛力一,4931,新盛力科技股份有限公司,"""49311"" ""新盛力一"" ""行使債券贖回權""",,,no_redemption_notice_found,搜尋結果無可信來源,,"""49311"" ""新盛力一"" ""行使債券贖回權""",,not_found
2026-09-20T00:05:54.670254+08:00,49311,新盛力一,4931,新盛力科技股份有限公司,"""49311"" ""新盛力一"" ""因發行公司行使贖回權""",,,no_redemption_notice_found,搜尋結果無可信來源,,"""49311"" ""新盛力一"" ""因發行公司行使贖回權""",,not_found
2026-09-20T00:06:04.862693+08:00,49311,新盛力一,4931,新盛力科技股份有限公司,"site:moneydj.com ""49311"" ""新盛力一"" ""行使債券贖回權""",,,no_redemption_notice_found,搜尋結果無可信來源,,"site:moneydj.com ""49311"" ""新盛力一"" ""行使債券贖回權""",,not_found
2026-09-20T00:06:14.980629+08:00,49311,新盛力一,4931,新盛力科技股份有限公司,"site:tw.stock.yahoo.com/news ""49311"" ""新盛力一"" ""終止櫃檯買賣""",,,no_redemption_notice_found,搜尋結果無可信來源,,"site:tw.stock.yahoo.com/news ""49311"" ""新盛力一"" ""終止櫃檯買賣""",,not_found
2026-09-20T00:06:25.114314+08:00,49311,新盛力一,4931,新盛力科技股份有限公司,site:mops.twse.com.tw 49311 新盛力一 新盛力科技 行使債券贖回權 終止櫃檯買賣,,,no_redemption_notice_found,搜尋結果無可信來源,,site:mops.twse.com.tw 49311 新盛力一 新盛力科技 行使債券贖回權 終止櫃檯買賣,,not_found
2026-09-20T00:06:35.409018+08:00,49311,新盛力一,4931,新盛力科技股份有限公司,site:tpex.org.tw 49311 新盛力一 新盛力科技 債券收回基準日 終止櫃檯買賣日期,,,no_redemption_notice_found,搜尋結果無可信來源,,site:tpex.org.tw 49311 新盛力一 新盛力科技 債券收回基準日 終止櫃檯買賣日期,,not_found
2026-09-20T00:06:45.665660+08:00,49311,新盛力一,4931,新盛力科技股份有限公司,site:twse.com.tw 49311 新盛力一 新盛力科技 停止受理轉換 收回 轉換公司債,,,no_redemption_notice_found,搜尋結果無可信來源,,site:twse.com.tw 49311 新盛力一 新盛力科技 停止受理轉換 收回 轉換公司債,,not_found
2026-09-20T00:06:55.763937+08:00,49311,新盛力一,4931,新盛力科技股份有限公司,site:tw.stock.yahoo.com/news 49311 新盛力一 新盛力科技 行使債券贖回權 終止櫃檯買賣,,,no_redemption_notice_found,搜尋結果無可信來源,,site:tw.stock.yahoo.com/news 49311 新盛力一 新盛力科技 行使債券贖回權 終止櫃檯買賣,,not_found
2026-09-20T00:07:06.014479+08:00,47491,新應材一,4749,新應材股份有限公司,"""47491"" ""新應材一"" ""終止櫃檯買賣""",,,no_redemption_notice_found,搜尋結果無可信來源,,"""47491"" ""新應材一"" ""終止櫃檯買賣""",,not_found
2026-09-20T00:07:16.112279+08:00,47491,新應材一,4749,新應材股份有限公司,"""47491"" ""新應材一"" ""行使債券贖回權""",,,no_redemption_notice_found,搜尋結果無可信來源,,"""47491"" ""新應材一"" ""行使債券贖回權""",,not_found
2026-09-20T00:07:26.460805+08:00,47491,新應材一,4749,新應材股份有限公司,"""47491"" ""新應材一"" ""因發行公司行使贖回權""",,,no_redemption_notice_found,搜尋結果無可信來源,,"""47491"" ""新應材一"" ""因發行公司行使贖回權""",,not_found
2026-09-20T00:07:36.577033+08:00,47491,新應材一,4749,新應材股份有限公司,"site:moneydj.com ""47491"" ""新應材一"" ""行使債券贖回權""",,,no_redemption_notice_found,搜尋結果無可信來源,,"site:moneydj.com ""47491"" ""新應材一"" ""行使債券贖回權""",,not_found
2026-09-20T00:07:46.684883+08:00,47491,新應材一,4749,新應材股份有限公司,"site:tw.stock.yahoo.com/news ""47491"" ""新應材一"" ""終止櫃檯買賣""",,,no_redemption_notice_found,搜尋結果無可信來源,,"site:tw.stock.yahoo.com/news ""47491"" ""新應材一"" ""終止櫃檯買賣""",,not_found
2026-09-20T00:07:56.948599+08:00,47491,新應材一,4749,新應材股份有限公司,site:mops.twse.com.tw 47491 新應材一 新應材 行使債券贖回權 終止櫃檯買賣,,,no_redemption_notice_found,搜尋結果無可信來源,,site:mops.twse.com.tw 47491 新應材一 新應材 行使債券贖回權 終止櫃檯買賣,,not_found
2026-09-20T00:08:07.197914+08:00,47491,新應材一,4749,新應材股份有限公司,site:tpex.org.tw 47491 新應材一 新應材 債券收回基準日 終止櫃檯買賣日期,,,no_redemption_notice_found,搜尋結果無可信來源,,site:tpex.org.tw 47491 新應材一 新應材 債券收回基準日 終止櫃檯買賣日期,,not_found
2026-09-20T00:08:17.554319+08:00,47491,新應材一,4749,新應材股份有限公司,site:twse.com.tw 47491 新應材一 新應材 停止受理轉換 收回 轉換公司債,,,no_redemption_notice_found,搜尋結果無可信來源,,site:twse.com.tw 47491 新應材一 新應材 停止受理轉換 收回 轉換公司債,,not_found
2026-09-20T00:08:27.770771+08:00,47491,新應材一,4749,新應材股份有限公司,site:tw.stock.yahoo.com/news 47491 新應材一 新應材 行使債券贖回權 終止櫃檯買賣,,,no_redemption_notice_found,搜尋結果無可信來源,,site:tw.stock.yahoo.com/news 47491 新應材一 新應材 行使債券贖回權 終止櫃檯買賣,,not_found
2026-09-20T00:08:27.770836+08:00,47224,國精化四,4722,國精化學股份有限公司,,,,skipped_by_time_budget,skipped_by_time_budget,,,,skipped
2026-09-20T00:08:27.770842+08:00,54642,霖宏二,5464,霖宏科技股份有限公司,,,,skipped_by_time_budget,skipped_by_time_budget,,,,skipped
2026-09-20T00:08:27.770846+08:00,47602,勤凱二,4760,勤凱科技股份有限公司,,,,skipped_by_time_budget,skipped_by_time_budget,,,,skipped
2026-09-20T00:08:27.770850+08:00,36806,家登六,3680,家登精密工業股份有限公司,,,,skipped_by_time_budget,skipped_by_time_budget,,,,skipped
2026-09-20T00:08:27.770854+08:00,68032,崑鼎二,6803,崑鼎綠能環保股份有限公司,,,,skipped_by_time_budget,skipped_by_time_budget,,,,skipped
2026-09-20T00:08:27.770857+08:00,76101,聯友金屬一創,7610,聯友金屬科技股份有限公司,,,,skipped_by_time_budget,skipped_by_time_budget,,,,skipped
2026-09-20T00:08:27.770860+08:00,41239,晟德九,4123,晟德大藥廠股份有限公司,,,,skipped_by_time_budget,skipped_by_time_budget,,,,skipped
2026-09-20T00:08:27.770864+08:00,80746,鉅橡六,8074,鉅橡企業股份有限公司,,,,skipped_by_time_budget,skipped_by_time_budget,,,,skipped
2026-09-20T00:08:27.770867+08:00,45031,金雨一,4503,金雨企業股份有限公司,,,,skipped_by_time_budget,skipped_by_time_budget,,,,skipped
2026-09-20T00:08:27.770870+08:00,52845,jpp五KY,5284,經寶精密控股股份有限公司,,,,skipped_by_time_budget,skipped_by_time_budget,,,,skipped
2026-09-20T00:08:27.770873+08:00,36805,家登五,3680,家登精密工業股份有限公司,,,,skipped_by_time_budget,skipped_by_time_budget,,,,skipped
2026-09-20T00:08:27.770876+08:00,84624,柏文四,8462,柏文健康事業股份有限公司,,,,skipped_by_time_budget,skipped_by_time_budget,,,,skipped
2026-09-20T00:08:27.770880+08:00,52844,jpp四KY,5284,經寶精密控股股份有限公司,,,,skipped_by_time_budget,skipped_by_time_budget,,,,skipped
2026-09-20T00:08:27.770883+08:00,82711,宇瞻一,8271,宇瞻科技股份有限公司,,,,skipped_by_time_budget,skipped_by_time_budget,,,,skipped
2026-09-20T00:08:27.770887+08:00,41238,晟德八,4123,晟德大藥廠股份有限公司,,,,skipped_by_time_budget,skipped_by_time_budget,,,,skipped
2026-09-20T00:08:27.770890+08:00,47148,永捷八,4714,永捷創新科技股份有限公司,,,,skipped_by_time_budget,skipped_by_time_budget,,,,skipped
2026-09-20T00:08:27.770893+08:00,66034,富強鑫四,6603,富強鑫精密工業股份有限公司,,,,skipped_by_time_budget,skipped_by_time_budget,,,,skipped
2026-09-20T00:08:27.770895+08:00,81114,立碁四,8111,立碁電子工業股份有限公司,,,,skipped_by_time_budget,skipped_by_time_budget,,,,skipped
2026-09-20T00:08:27.770898+08:00,84762,台境二,8476,台境企業股份有限公司,,,,skipped_by_time_budget,skipped_by_time_budget,,,,skipped
2026-09-20T00:08:27.770902+08:00,64725,保瑞五,6472,保瑞藥業股份有限公司,,,,skipped_by_time_budget,skipped_by_time_budget,,,,skipped
2026-09-20T00:08:27.770905+08:00,64724,保瑞四,6472,保瑞藥業股份有限公司,,,,skipped_by_time_budget,skipped_by_time_budget,,,,skipped
2026-09-20T00:08:27.770908+08:00,30112,今皓二,3011,今皓實業股份有限公司,,,,skipped_by_time_budget,skipped_by_time_budget,,,,skipped
2026-09-20T00:08:27.770912+08:00,65761,逸達一,6576,逸達生物科技股份有限公司,,,,skipped_by_time_budget,skipped_by_time_budget,,,,skipped
2026-09-20T00:08:27.770916+08:00,37152,定穎投控二,3715,定穎投資控股股份有限公司,,,,skipped_by_time_budget,skipped_by_time_budget,,,,skipped
2026-09-20T00:08:27.770919+08:00,41136,聯上六,4113,聯上實業股份有限公司,,,,skipped_by_time_budget,skipped_by_time_budget,,,,skipped
2026-09-20T00:08:27.770922+08:00,65472,高端疫苗二,6547,高端疫苗生物製劑股份有限公司,,,,skipped_by_time_budget,skipped_by_time_budget,,,,skipped
2026-09-20T00:08:27.770925+08:00,69131,鴻呈一,6913,鴻呈實業股份有限公司,,,,skipped_by_time_budget,skipped_by_time_budget,,,,skipped
2026-09-20T00:08:27.770928+08:00,23291,華泰一,2329,華泰電子股份有限公司,,,,skipped_by_time_budget,skipped_by_time_budget,,,,skipped
2026-09-20T00:08:27.770931+08:00,33247,雙鴻七,3324,雙鴻科技股份有限公司,,,,skipped_by_time_budget,skipped_by_time_budget,,,,skipped
2026-09-20T00:08:27.770934+08:00,68621,三集瑞一KY,6862,三集瑞科技國際集團股份有限公司,,,,skipped_by_time_budget,skipped_by_time_budget,,,,skipped
2026-09-20T00:08:27.770937+08:00,55344,長虹四,5534,長虹建設股份有限公司,,,,skipped_by_time_budget,skipped_by_time_budget,,,,skipped
2026-09-20T00:08:27.770940+08:00,68941,衛司特一,6894,衛司特科技股份有限公司,,,,skipped_by_time_budget,skipped_by_time_budget,,,,skipped
2026-09-20T00:08:27.770943+08:00,33246,雙鴻六,3324,雙鴻科技股份有限公司,,,,skipped_by_time_budget,skipped_by_time_budget,,,,skipped
2026-09-20T00:08:27.770946+08:00,22363,百達三KY,2236,百達精密工業股份有限公司,,,,skipped_by_time_budget,skipped_by_time_budget,,,,skipped
2026-09-20T00:08:27.770950+08:00,82993,群聯三,8299,群聯電子股份有限公司,,,,skipped_by_time_budget,skipped_by_time_budget,,,,skipped
2026-09-20T00:08:27.770952+08:00,65152,穎崴二,6515,穎崴科技股份有限公司,,,,skipped_by_time_budget,skipped_by_time_budget,,,,skipped
2026-09-20T00:08:27.770956+08:00,35872,閎康二,3587,閎康科技股份有限公司,,,,skipped_by_time_budget,skipped_by_time_budget,,,,skipped
2026-09-20T00:08:27.770959+08:00,82103,勤誠三,8210,勤誠興業股份有限公司,,,,skipped_by_time_budget,skipped_by_time_budget,,,,skipped
2026-09-20T00:08:27.770962+08:00,23742,佳能二,2374,佳能企業股份有限公司,,,,skipped_by_time_budget,skipped_by_time_budget,,,,skipped
2026-09-20T00:08:27.770966+08:00,61012,寬魚國際二,6101,寬魚國際股份有限公司,,,,skipped_by_time_budget,skipped_by_time_budget,,,,skipped
2026-09-20T00:08:27.770969+08:00,49231,力士一,4923,力士科技股份有限公司,,,,skipped_by_time_budget,skipped_by_time_budget,,,,skipped
2026-09-20T00:08:27.770972+08:00,61011,寬魚國際一,6101,寬魚國際股份有限公司,,,,skipped_by_time_budget,skipped_by_time_budget,,,,skipped
2026-09-20T00:08:27.770976+08:00,24553,全新三,2455,全新光電科技股份有限公司,,,,skipped_by_time_budget,skipped_by_time_budget,,,,skipped
2026-09-20T00:08:27.770979+08:00,82102,勤誠二,8210,勤誠興業股份有限公司,,,,skipped_by_time_budget,skipped_by_time_budget,,,,skipped
2026-09-20T00:08:27.770982+08:00,22331,宇隆一,2233,宇隆科技股份有限公司,,,,skipped_by_time_budget,skipped_by_time_budget,,,,skipped
2026-09-20T00:08:27.770985+08:00,24552,全新二,2455,全新光電科技股份有限公司,,,,skipped_by_time_budget,skipped_by_time_budget,,,,skipped
2026-09-20T00:08:27.770988+08:00,24673,志聖三,2467,志聖工業股份有限公司,,,,skipped_by_time_budget,skipped_by_time_budget,,,,skipped
2026-09-20T00:08:27.770991+08:00,37151,定穎投控一,3715,定穎投資控股股份有限公司,,,,skipped_by_time_budget,skipped_by_time_budget,,,,skipped
2026-09-20T00:08:27.770993+08:00,37171,聯嘉投控一,3717,聯嘉光電投資控股股份有限公司,,,,skipped_by_time_budget,skipped_by_time_budget,,,,skipped
2026-09-20T00:08:27.770996+08:00,61994,天品四,6199,天品聯合企業股份有限公司,,,,skipped_by_time_budget,skipped_by_time_budget,,,,skipped
2026-09-20T00:08:27.770998+08:00,61993,天品三,6199,天品聯合企業股份有限公司,,,,skipped_by_time_budget,skipped_by_time_budget,,,,skipped
2026-09-20T00:08:27.771001+08:00,80212,尖點二,8021,尖點科技股份有限公司,,,,skipped_by_time_budget,skipped_by_time_budget,,,,skipped
2026-09-20T00:08:27.771003+08:00,24672,志聖二,2467,志聖工業股份有限公司,,,,skipped_by_time_budget,skipped_by_time_budget,,,,skipped
2026-09-20T00:08:27.771006+08:00,27451,五福一,2745,五福旅行社股份有限公司,,,,skipped_by_time_budget,skipped_by_time_budget,,,,skipped
2026-09-20T00:08:27.771009+08:00,65101,精測一,6510,中華精測科技股份有限公司,,,,skipped_by_time_budget,skipped_by_time_budget,,,,skipped
2026-09-20T00:08:27.771011+08:00,84312,匯鑽科二,8431,匯鑽科技股份有限公司,,,,skipped_by_time_budget,skipped_by_time_budget,,,,skipped
2026-09-20T00:08:27.771014+08:00,35431,州巧一,3543,州巧科技股份有限公司,,,,skipped_by_time_budget,skipped_by_time_budget,,,,skipped
2026-09-20T00:08:27.771016+08:00,66702,復盛應用二,6670,復盛應用科技股份有限公司,,,,skipped_by_time_budget,skipped_by_time_budget,,,,skipped
2026-09-20T00:08:27.771018+08:00,69041,伯鑫一,6904,伯鑫工具股份有限公司,,,,skipped_by_time_budget,skipped_by_time_budget,,,,skipped
2026-09-20T00:08:27.771021+08:00,67962,晉弘二,6796,晉弘科技股份有限公司,,,,skipped_by_time_budget,skipped_by_time_budget,,,,skipped
2026-09-20T00:08:27.771023+08:00,47394,康普四,4739,康普材料科技股份有限公司,,,,skipped_by_time_budget,skipped_by_time_budget,,,,skipped
2026-09-20T00:08:27.771026+08:00,80426,金山電六,8042,臺灣金山電子工業股份有限公司,,,,skipped_by_time_budget,skipped_by_time_budget,,,,skipped
2026-09-20T00:08:27.771029+08:00,53097,系統電七,5309,系統電子工業股份有限公司,,,,skipped_by_time_budget,skipped_by_time_budget,,,,skipped
2026-09-20T00:08:27.771031+08:00,53096,系統電六,5309,系統電子工業股份有限公司,,,,skipped_by_time_budget,skipped_by_time_budget,,,,skipped
2026-09-20T00:08:27.771034+08:00,68902,來億二KY,6890,來億興業股份有限公司,,,,skipped_by_time_budget,skipped_by_time_budget,,,,skipped
2026-09-20T00:08:27.771036+08:00,27324,六角四,2732,六角國際事業股份有限公司,,,,skipped_by_time_budget,skipped_by_time_budget,,,,skipped
2026-09-20T00:08:27.771039+08:00,68901,來億一KY,6890,來億興業股份有限公司,,,,skipped_by_time_budget,skipped_by_time_budget,,,,skipped
2026-09-20T00:08:27.771041+08:00,47721,台特化一,4772,台灣特品化學股份有限公司,,,,skipped_by_time_budget,skipped_by_time_budget,,,,skipped
2026-09-20T00:08:27.771044+08:00,30322,偉訓二,3032,偉訓科技股份有限公司,,,,skipped_by_time_budget,skipped_by_time_budget,,,,skipped
2026-09-20T00:08:27.771047+08:00,24023,毅嘉三,2402,毅嘉科技股份有限公司,,,,skipped_by_time_budget,skipped_by_time_budget,,,,skipped
2026-09-20T00:08:27.771049+08:00,30321,偉訓一,3032,偉訓科技股份有限公司,,,,skipped_by_time_budget,skipped_by_time_budget,,,,skipped
2026-09-20T00:08:27.771052+08:00,61907,萬泰科七,6190,萬泰科技股份有限公司,,,,skipped_by_time_budget,skipped_by_time_budget,,,,skipped
2026-09-20T00:08:27.771054+08:00,30371,欣興一,3037,欣興電子股份有限公司,,,,skipped_by_time_budget,skipped_by_time_budget,,,,skipped
2026-09-20T00:08:27.771058+08:00,35513,世禾三,3551,世禾科技股份有限公司,,,,skipped_by_time_budget,skipped_by_time_budget,,,,skipped
2026-09-20T00:08:27.771061+08:00,36841,榮昌一,3684,榮昌科技股份有限公司,,,,skipped_by_time_budget,skipped_by_time_budget,,,,skipped
2026-09-20T00:08:27.771064+08:00,41135,聯上五,4113,聯上實業股份有限公司,,,,skipped_by_time_budget,skipped_by_time_budget,,,,skipped
2026-09-20T00:08:27.771067+08:00,62093,今國光三,6209,今國光學工業股份有限公司,,,,skipped_by_time_budget,skipped_by_time_budget,,,,skipped
2026-09-20T00:08:27.771070+08:00,27532,八方雲集二,2753,八方雲集國際股份有限公司,,,,skipped_by_time_budget,skipped_by_time_budget,,,,skipped
2026-09-20T00:08:27.771072+08:00,77131,威力德生醫一,7713,威力德生醫股份有限公司,,,,skipped_by_time_budget,skipped_by_time_budget,,,,skipped
2026-09-20T00:08:27.771075+08:00,61635,華電網五,6163,華電聯網股份有限公司,,,,skipped_by_time_budget,skipped_by_time_budget,,,,skipped
2026-09-20T00:08:27.771078+08:00,62194,富旺四,6219,富旺國際開發股份有限公司,,,,skipped_by_time_budget,skipped_by_time_budget,,,,skipped
2026-09-20T00:08:27.771081+08:00,52011,凱衛一,5201,凱衛資訊股份有限公司,,,,skipped_by_time_budget,skipped_by_time_budget,,,,skipped
2026-09-20T00:08:27.771084+08:00,27531,八方雲集一,2753,八方雲集國際股份有限公司,,,,skipped_by_time_budget,skipped_by_time_budget,,,,skipped
2026-09-20T00:08:27.771087+08:00,64775,安集五,6477,安集科技股份有限公司,,,,skipped_by_time_budget,skipped_by_time_budget,,,,skipped
2026-09-20T00:08:27.771090+08:00,12561,鮮活果汁一KY,1256,鮮活控股股份有限公司,,,,skipped_by_time_budget,skipped_by_time_budget,,,,skipped
2026-09-20T00:08:27.771093+08:00,36873,歐買尬三,3687,茂為歐買尬數位科技股份有限公司,,,,skipped_by_time_budget,skipped_by_time_budget,,,,skipped
2026-09-20T00:08:27.771096+08:00,84041,百和興業一KY,8404,百和興業股份有限公司(開曼),,,,skipped_by_time_budget,skipped_by_time_budget,,,,skipped
2026-09-20T00:08:27.771099+08:00,36872,歐買尬二,3687,茂為歐買尬數位科技股份有限公司,,,,skipped_by_time_budget,skipped_by_time_budget,,,,skipped
2026-09-20T00:08:27.771102+08:00,69571,裕慶一KY,6957,裕慶金屬股份有限公司,,,,skipped_by_time_budget,skipped_by_time_budget,,,,skipped
2026-09-20T00:08:27.771105+08:00,47223,國精化三,4722,國精化學股份有限公司,,,,skipped_by_time_budget,skipped_by_time_budget,,,,skipped
2026-09-20T00:08:27.771108+08:00,44383,廣越三,4438,廣越企業股份有限公司,,,,skipped_by_time_budget,skipped_by_time_budget,,,,skipped
2026-09-20T00:08:27.771111+08:00,41684,醣聯四,4168,台灣醣聯生技醫藥股份有限公司,,,,skipped_by_time_budget,skipped_by_time_budget,,,,skipped
2026-09-20T00:08:27.771114+08:00,32843,太普高三,3284,太普高精密影像股份有限公司,,,,skipped_by_time_budget,skipped_by_time_budget,,,,skipped
2026-09-20T00:08:27.771117+08:00,54391,高技一,5439,高技企業股份有限公司,,,,skipped_by_time_budget,skipped_by_time_budget,,,,skipped
2026-09-20T00:08:27.771120+08:00,65331,晶心科一,6533,晶心科技股份有限公司,,,,skipped_by_time_budget,skipped_by_time_budget,,,,skipped
2026-09-20T00:08:27.771123+08:00,62076,雷科六,6207,雷科股份有限公司,,,,skipped_by_time_budget,skipped_by_time_budget,,,,skipped
2026-09-20T00:08:27.771126+08:00,74022,邑錡二,7402,邑錡股份有限公司,,,,skipped_by_time_budget,skipped_by_time_budget,,,,skipped
2026-09-20T00:08:27.771128+08:00,27431,山富一,2743,山富國際旅行社股份有限公司,,,,skipped_by_time_budget,skipped_by_time_budget,,,,skipped
2026-09-20T00:08:27.771131+08:00,45581,寶緯一,4558,寶緯工業股份有限公司,,,,skipped_by_time_budget,skipped_by_time_budget,,,,skipped
2026-09-20T00:08:27.771134+08:00,65914,動力四KY,6591,動力科技股份有限公司,,,,skipped_by_time_budget,skipped_by_time_budget,,,,skipped
2026-09-20T00:08:27.771137+08:00,62075,雷科五,6207,雷科股份有限公司,,,,skipped_by_time_budget,skipped_by_time_budget,,,,skipped
2026-09-20T00:08:27.771140+08:00,37075,漢磊五,3707,漢磊科技股份有限公司,,,,skipped_by_time_budget,skipped_by_time_budget,,,,skipped
2026-09-20T00:08:27.771142+08:00,45811,光隆精密一KY,4581,World Known MFG(Cayman)Limited,,,,skipped_by_time_budget,skipped_by_time_budget,,,,skipped
2026-09-20T00:08:27.771145+08:00,68211,聯寶一,6821,聯寶電子股份有限公司,,,,skipped_by_time_budget,skipped_by_time_budget,,,,skipped
2026-09-20T00:08:27.771148+08:00,75562,意德士二,7556,意德士科技股份有限公司,,,,skipped_by_time_budget,skipped_by_time_budget,,,,skipped
2026-09-20T00:08:27.771151+08:00,75561,意德士一永,7556,意德士科技股份有限公司,,,,skipped_by_time_budget,skipped_by_time_budget,,,,skipped
2026-09-20T00:08:27.771154+08:00,26418,正德八,2641,正德海運股份有限公司,,,,skipped_by_time_budget,skipped_by_time_budget,,,,skipped
2026-09-20T00:08:27.771157+08:00,68431,進典一,6843,進典工業股份有限公司,,,,skipped_by_time_budget,skipped_by_time_budget,,,,skipped
2026-09-20T00:08:27.771160+08:00,69822,大井泵浦二,6982,大井泵浦工業股份有限公司,,,,skipped_by_time_budget,skipped_by_time_budget,,,,skipped
2026-09-20T00:08:27.771163+08:00,17863,科妍三,1786,科妍生物科技股份有限公司,,,,skipped_by_time_budget,skipped_by_time_budget,,,,skipped
2026-09-20T00:08:27.771166+08:00,84113,福貞三KY,8411,福貞控股股份有限公司,,,,skipped_by_time_budget,skipped_by_time_budget,,,,skipped
2026-09-20T00:08:27.771169+08:00,44421,竣邦一KY,4442,開曼群島商竣邦國際股份有限公司,,,,skipped_by_time_budget,skipped_by_time_budget,,,,skipped
2026-09-20T00:08:27.771172+08:00,64693,大樹三,6469,大樹醫藥股份有限公司,,,,skipped_by_time_budget,skipped_by_time_budget,,,,skipped
2026-09-20T00:08:27.771174+08:00,35267,凡甲七,3526,凡甲科技股份有限公司,,,,skipped_by_time_budget,skipped_by_time_budget,,,,skipped
2026-09-20T00:08:27.771177+08:00,69821,大井泵浦一,6982,大井泵浦工業股份有限公司,,,,skipped_by_time_budget,skipped_by_time_budget,,,,skipped
2026-09-20T00:08:27.771180+08:00,22472,汎德永業二,2247,汎德永業汽車股份有限公司,,,,skipped_by_time_budget,skipped_by_time_budget,,,,skipped
2026-09-20T00:08:27.771183+08:00,25304,華建四,2530,大華建設股份有限公司,,,,skipped_by_time_budget,skipped_by_time_budget,,,,skipped
2026-09-20T00:08:27.771186+08:00,30401,遠見一,3040,遠見科技股份有限公司,,,,skipped_by_time_budget,skipped_by_time_budget,,,,skipped
2026-09-20T00:08:27.771190+08:00,22471,汎德永業一,2247,汎德永業汽車股份有限公司,,,,skipped_by_time_budget,skipped_by_time_budget,,,,skipped
2026-09-20T00:08:27.771193+08:00,65381,倉和一,6538,倉和股份有限公司,,,,skipped_by_time_budget,skipped_by_time_budget,,,,skipped
2026-09-20T00:08:27.771196+08:00,61565,松上五,6156,松上電子股份有限公司,,,,skipped_by_time_budget,skipped_by_time_budget,,,,skipped
2026-09-20T00:08:27.771199+08:00,61777,達麗七,6177,達麗建設事業股份有限公司,,,,skipped_by_time_budget,skipped_by_time_budget,,,,skipped
2026-09-20T00:08:27.771203+08:00,25303,華建三,2530,大華建設股份有限公司,,,,skipped_by_time_budget,skipped_by_time_budget,,,,skipped
2026-09-20T00:08:27.771207+08:00,14664,聚隆四,1466,聚隆纖維股份有限公司,,,,skipped_by_time_budget,skipped_by_time_budget,,,,skipped
2026-09-20T00:08:27.771210+08:00,31882,鑫龍騰二,3188,鑫龍騰開發股份有限公司,,,,skipped_by_time_budget,skipped_by_time_budget,,,,skipped
2026-09-20T00:08:27.771213+08:00,41645,承業醫五,4164,承業生醫投資控股股份有限公司,,,,skipped_by_time_budget,skipped_by_time_budget,,,,skipped
2026-09-20T00:08:27.771216+08:00,14723,三洋實業三,1472,三洋實業股份有限公司,,,,skipped_by_time_budget,skipped_by_time_budget,,,,skipped
2026-09-20T00:08:27.771219+08:00,23511,順德一,2351,順德工業股份有限公司,,,,skipped_by_time_budget,skipped_by_time_budget,,,,skipped
2026-09-20T00:08:27.771222+08:00,36173,碩天三,3617,碩天科技股份有限公司,,,,skipped_by_time_budget,skipped_by_time_budget,,,,skipped
2026-09-20T00:08:27.771225+08:00,45554,氣立四,4555,台灣氣立股份有限公司,,,,skipped_by_time_budget,skipped_by_time_budget,,,,skipped
2026-09-20T00:08:27.771228+08:00,14722,三洋實業二,1472,三洋實業股份有限公司,,,,skipped_by_time_budget,skipped_by_time_budget,,,,skipped
2026-09-20T00:08:27.771231+08:00,41295,聯合五,4129,聯合骨科器材股份有限公司,,,,skipped_by_time_budget,skipped_by_time_budget,,,,skipped
2026-09-20T00:08:27.771233+08:00,68732,泓德能源二,6873,泓德能源科技股份有限公司,,,,skipped_by_time_budget,skipped_by_time_budget,,,,skipped
2026-09-20T00:08:27.771236+08:00,61172,迎廣二,6117,迎廣科技股份有限公司,,,,skipped_by_time_budget,skipped_by_time_budget,,,,skipped
2026-09-20T00:08:27.771239+08:00,67711,平和環保一創,6771,平和環保科技股份有限公司,,,,skipped_by_time_budget,skipped_by_time_budget,,,,skipped
2026-09-20T00:08:27.771241+08:00,80872,麗升能源二,8087,麗升能源科技股份有限公司,,,,skipped_by_time_budget,skipped_by_time_budget,,,,skipped
2026-09-20T00:08:27.771244+08:00,84222,可寧衛二,8422,可寧衛股份有限公司,,,,skipped_by_time_budget,skipped_by_time_budget,,,,skipped
2026-09-20T00:08:27.771247+08:00,14743,弘裕三,1474,弘裕企業股份有限公司,,,,skipped_by_time_budget,skipped_by_time_budget,,,,skipped
2026-09-20T00:08:27.771249+08:00,68462,綠茵二,6846,綠茵生技股份有限公司,,,,skipped_by_time_budget,skipped_by_time_budget,,,,skipped
2026-09-20T00:08:27.771252+08:00,14364,華友聯四,1436,華友聯開發股份有限公司,,,,skipped_by_time_budget,skipped_by_time_budget,,,,skipped
2026-09-20T00:08:27.771256+08:00,68461,綠茵一,6846,綠茵生技股份有限公司,,,,skipped_by_time_budget,skipped_by_time_budget,,,,skipped
2026-09-20T00:08:27.771258+08:00,15984,岱宇四,1598,岱宇國際股份有限公司,,,,skipped_by_time_budget,skipped_by_time_budget,,,,skipped
2026-09-20T00:08:27.771262+08:00,44391,冠星一KY,4439,冠星集團控股有限公司,,,,skipped_by_time_budget,skipped_by_time_budget,,,,skipped
2026-09-20T00:08:27.771266+08:00,68541,錼創科技一KY創,6854,PlayNitride Inc.,,,,skipped_by_time_budget,skipped_by_time_budget,,,,skipped
2026-09-20T00:08:27.771269+08:00,99063,欣巴巴三,9906,欣巴巴事業股份有限公司,,,,skipped_by_time_budget,skipped_by_time_budget,,,,skipped
2026-09-20T00:08:27.771272+08:00,45102,高鋒二,4510,高鋒工業股份有限公司,,,,skipped_by_time_budget,skipped_by_time_budget,,,,skipped
2026-09-20T00:08:27.771275+08:00,30455,台灣大五,3045,台灣大哥大股份有限公司,,,,skipped_by_time_budget,skipped_by_time_budget,,,,skipped
2026-09-20T00:08:27.771278+08:00,30954,及成四,3095,及成企業股份有限公司,,,,skipped_by_time_budget,skipped_by_time_budget,,,,skipped
2026-09-20T00:08:27.771281+08:00,35483,兆利三,3548,兆利科技工業股份有限公司,,,,skipped_by_time_budget,skipped_by_time_budget,,,,skipped
2026-09-20T00:08:27.771284+08:00,30454,台灣大四,3045,台灣大哥大股份有限公司,,,,skipped_by_time_budget,skipped_by_time_budget,,,,skipped
2026-09-20T00:08:27.771286+08:00,33902,旭軟二,3390,旭軟電子科技股份有限公司,,,,skipped_by_time_budget,skipped_by_time_budget,,,,skipped
2026-09-20T00:08:27.771289+08:00,80282,昇陽半導體二,8028,昇陽國際半導體股份有限公司,,,,skipped_by_time_budget,skipped_by_time_budget,,,,skipped
2026-09-20T00:08:27.771293+08:00,25284,皇普四,2528,皇普建設股份有限公司,,,,skipped_by_time_budget,skipped_by_time_budget,,,,skipped
2026-09-20T00:08:27.771296+08:00,45691,六方科一KY,4569,六方科技股份有限公司,,,,skipped_by_time_budget,skipped_by_time_budget,,,,skipped
2026-09-20T00:08:27.771300+08:00,15142,亞力二,1514,亞力電機股份有限公司,,,,skipped_by_time_budget,skipped_by_time_budget,,,,skipped
2026-09-20T00:08:27.771302+08:00,81551,博智一,8155,博智電子股份有限公司,,,,skipped_by_time_budget,skipped_by_time_budget,,,,skipped
2026-09-20T00:08:27.771305+08:00,25283,皇普三,2528,皇普建設股份有限公司,,,,skipped_by_time_budget,skipped_by_time_budget,,,,skipped
2026-09-20T00:08:27.771308+08:00,13166,上曜六,1316,上曜建設開發股份有限公司,,,,skipped_by_time_budget,skipped_by_time_budget,,,,skipped
2026-09-20T00:08:27.771312+08:00,24424,新美齊四,2442,新美齊股份有限公司,,,,skipped_by_time_budget,skipped_by_time_budget,,,,skipped
2026-09-20T00:08:27.771314+08:00,49794,華星光四,4979,華星光通科技股份有限公司,,,,skipped_by_time_budget,skipped_by_time_budget,,,,skipped
2026-09-20T00:08:27.771317+08:00,14381,三地開發一,1438,三地開發地產股份有限公司,,,,skipped_by_time_budget,skipped_by_time_budget,,,,skipped
2026-09-20T00:08:27.771319+08:00,52452,智晶二,5245,智晶光電股份有限公司,,,,skipped_by_time_budget,skipped_by_time_budget,,,,skipped
2026-09-20T00:08:27.771322+08:00,56087,四維航七,5608,四維航業股份有限公司,,,,skipped_by_time_budget,skipped_by_time_budget,,,,skipped
2026-09-20T00:08:27.771325+08:00,11011,台泥一永,1101,臺灣水泥股份有限公司,,,,skipped_by_time_budget,skipped_by_time_budget,,,,skipped
2026-09-20T00:08:27.771328+08:00,49793,華星光三,4979,華星光通科技股份有限公司,,,,skipped_by_time_budget,skipped_by_time_budget,,,,skipped
2026-09-20T00:08:27.771330+08:00,84891,三貝德一,8489,三貝德數位文創股份有限公司,,,,skipped_by_time_budget,skipped_by_time_budget,,,,skipped
2026-09-20T00:08:27.771333+08:00,68701,騰雲一,6870,騰雲科技服務股份有限公司,,,,skipped_by_time_budget,skipped_by_time_budget,,,,skipped
2026-09-20T00:08:27.771335+08:00,68702,騰雲二,6870,騰雲科技服務股份有限公司,,,,skipped_by_time_budget,skipped_by_time_budget,,,,skipped
2026-09-20T00:08:27.771338+08:00,66451,金萬林一創,6645,金萬林企業股份有限公司,,,,skipped_by_time_budget,skipped_by_time_budget,,,,skipped
2026-09-20T00:08:27.771341+08:00,24423,新美齊三,2442,新美齊股份有限公司,,,,skipped_by_time_budget,skipped_by_time_budget,,,,skipped
2026-09-20T00:08:27.771343+08:00,33133,斐成三,3313,斐成開發科技股份有限公司,,,,skipped_by_time_budget,skipped_by_time_budget,,,,skipped
2026-09-20T00:08:27.771346+08:00,33466,麗清六,3346,麗清科技股份有限公司,,,,skipped_by_time_budget,skipped_by_time_budget,,,,skipped
2026-09-20T00:08:27.771349+08:00,33035,岱稜五,3303,岱稜科技股份有限公司,,,,skipped_by_time_budget,skipped_by_time_budget,,,,skipped
2026-09-20T00:08:27.771352+08:00,35914,艾笛森四,3591,艾笛森光電股份有限公司,,,,skipped_by_time_budget,skipped_by_time_budget,,,,skipped
2026-09-20T00:08:27.771376+08:00,66642,群翊二,6664,群翊工業股份有限公司,,,,skipped_by_time_budget,skipped_by_time_budget,,,,skipped
2026-09-20T00:08:27.771380+08:00,83742,羅昇二,8374,羅昇企業股份有限公司,,,,skipped_by_time_budget,skipped_by_time_budget,,,,skipped
2026-09-20T00:08:27.771383+08:00,98026,鈺齊六KY,9802,鈺齊國際股份有限公司,,,,skipped_by_time_budget,skipped_by_time_budget,,,,skipped
2026-09-20T00:08:27.771386+08:00,81715,天宇五,8171,天宇工業股份有限公司,,,,skipped_by_time_budget,skipped_by_time_budget,,,,skipped
2026-09-20T00:08:27.771390+08:00,81714,天宇四,8171,天宇工業股份有限公司,,,,skipped_by_time_budget,skipped_by_time_budget,,,,skipped
2026-09-20T00:08:27.771394+08:00,99588,世紀鋼八永,9958,世紀鋼鐵結構股份有限公司,,,,skipped_by_time_budget,skipped_by_time_budget,,,,skipped
2026-09-20T00:08:27.771397+08:00,45491,桓達一,4549,桓達科技股份有限公司,,,,skipped_by_time_budget,skipped_by_time_budget,,,,skipped
2026-09-20T00:08:27.771400+08:00,68741,倍力一,6874,倍力資訊股份有限公司,,,,skipped_by_time_budget,skipped_by_time_budget,,,,skipped
2026-09-20T00:08:27.771404+08:00,32571,虹冠電一,3257,虹冠電子工業股份有限公司,,,,skipped_by_time_budget,skipped_by_time_budget,,,,skipped
2026-09-20T00:08:27.771408+08:00,68351,圓裕一,6835,圓裕企業股份有限公司,,,,skipped_by_time_budget,skipped_by_time_budget,,,,skipped
2026-09-20T00:08:27.771411+08:00,67681,志強一KY,6768,志強國際企業股份有限公司,,,,skipped_by_time_budget,skipped_by_time_budget,,,,skipped
2026-09-20T00:08:27.771414+08:00,99392,宏全二,9939,宏全國際股份有限公司,,,,skipped_by_time_budget,skipped_by_time_budget,,,,skipped
2026-09-20T00:08:27.771417+08:00,99587,世紀鋼七,9958,世紀鋼鐵結構股份有限公司,,,,skipped_by_time_budget,skipped_by_time_budget,,,,skipped
2026-09-20T00:08:27.771421+08:00,67062,惠特二,6706,惠特科技股份有限公司,,,,skipped_by_time_budget,skipped_by_time_budget,,,,skipped
2026-09-20T00:08:27.771424+08:00,25484,華固四,2548,華固建設股份有限公司,,,,skipped_by_time_budget,skipped_by_time_budget,,,,skipped
2026-09-20T00:08:27.771427+08:00,30134,晟銘電四,3013,晟銘電子科技股份有限公司,,,,skipped_by_time_budget,skipped_by_time_budget,,,,skipped
2026-09-20T00:08:27.771430+08:00,35161,亞帝歐一,3516,亞帝歐光電股份有限公司,,,,skipped_by_time_budget,skipped_by_time_budget,,,,skipped
2026-09-20T00:08:27.771433+08:00,52121,凌網一,5212,凌網科技股份有限公司,,,,skipped_by_time_budget,skipped_by_time_budget,,,,skipped
2026-09-20T00:08:27.771437+08:00,61973,佳必琪三,6197,佳必琪國際股份有限公司,,,,skipped_by_time_budget,skipped_by_time_budget,,,,skipped
2026-09-20T00:08:27.771440+08:00,64251,易發一,6425,易發精機股份有限公司,,,,skipped_by_time_budget,skipped_by_time_budget,,,,skipped
2026-09-20T00:08:27.771444+08:00,68631,永道一KY,6863,Arizon RFID Technology,,,,skipped_by_time_budget,skipped_by_time_budget,,,,skipped
2026-09-20T00:08:27.771447+08:00,99353,慶豐富三,9935,慶豐富實業股份有限公司,,,,skipped_by_time_budget,skipped_by_time_budget,,,,skipped
2026-09-20T00:08:27.771451+08:00,81473,正淩三,8147,正淩精密工業股份有限公司,,,,skipped_by_time_budget,skipped_by_time_budget,,,,skipped
2026-09-20T00:08:27.771454+08:00,20344,允強四,2034,允強實業股份有限公司,,,,skipped_by_time_budget,skipped_by_time_budget,,,,skipped
2026-09-20T00:08:27.771457+08:00,25483,華固三,2548,華固建設股份有限公司,,,,skipped_by_time_budget,skipped_by_time_budget,,,,skipped
2026-09-20T00:08:27.771460+08:00,16095,大亞五,1609,大亞電線電纜股份有限公司,,,,skipped_by_time_budget,skipped_by_time_budget,,,,skipped
2026-09-20T00:08:27.771463+08:00,61828,合晶八,6182,合晶科技股份有限公司,,,,skipped_by_time_budget,skipped_by_time_budget,,,,skipped
2026-09-20T00:08:27.771466+08:00,52441,弘凱一,5244,弘凱光電股份有限公司,,,,skipped_by_time_budget,skipped_by_time_budget,,,,skipped
2026-09-20T00:08:27.771470+08:00,17813,合世三,1781,合世生醫科技股份有限公司,,,,skipped_by_time_budget,skipped_by_time_budget,,,,skipped
2026-09-20T00:08:27.771474+08:00,66292,泰金二KY,6629,泰金投資控股股份有限公司,,,,skipped_by_time_budget,skipped_by_time_budget,,,,skipped
2026-09-20T00:08:27.771477+08:00,30337,威健七,3033,威健實業股份有限公司,,,,skipped_by_time_budget,skipped_by_time_budget,,,,skipped
2026-09-20T00:08:27.771481+08:00,61112,光聚晶電二,6111,光聚晶電聯合股份有限公司,,,,skipped_by_time_budget,skipped_by_time_budget,,,,skipped
2026-09-20T00:08:27.771484+08:00,35642,其陽二,3564,其陽科技股份有限公司,,,,skipped_by_time_budget,skipped_by_time_budget,,,,skipped
2026-09-20T00:08:27.771488+08:00,15952,川寶二,1595,川寶科技股份有限公司,,,,skipped_by_time_budget,skipped_by_time_budget,,,,skipped
2026-09-20T00:08:27.771491+08:00,33225,建舜電五,3322,建舜電子製造股份有限公司,,,,skipped_by_time_budget,skipped_by_time_budget,,,,skipped
2026-09-20T00:08:27.771494+08:00,66801,鑫創電子一,6680,鑫創電子股份有限公司,,,,skipped_by_time_budget,skipped_by_time_budget,,,,skipped
2026-09-20T00:08:27.771497+08:00,36913,碩禾三,3691,碩禾電子材料股份有限公司,,,,skipped_by_time_budget,skipped_by_time_budget,,,,skipped
2026-09-20T00:08:27.771500+08:00,22283,劍麟三,2228,劍麟股份有限公司,,,,skipped_by_time_budget,skipped_by_time_budget,,,,skipped
2026-09-20T00:08:27.771503+08:00,61794,亞通四,6179,亞通利大能源股份有限公司,,,,skipped_by_time_budget,skipped_by_time_budget,,,,skipped
2026-09-20T00:08:27.771506+08:00,14363,華友聯三,1436,華友聯開發股份有限公司,,,,skipped_by_time_budget,skipped_by_time_budget,,,,skipped
2026-09-20T00:08:27.771509+08:00,33763,新日興三,3376,新日興股份有限公司,,,,skipped_by_time_budget,skipped_by_time_budget,,,,skipped
2026-09-20T00:08:27.771511+08:00,89278,北基八,8927,北基國際股份有限公司,,,,skipped_by_time_budget,skipped_by_time_budget,,,,skipped
2026-09-20T00:08:27.771514+08:00,64324,今展科四,6432,今展科技股份有限公司,,,,skipped_by_time_budget,skipped_by_time_budget,,,,skipped
2026-09-20T00:08:27.771517+08:00,89277,北基七,8927,北基國際股份有限公司,,,,skipped_by_time_budget,skipped_by_time_budget,,,,skipped
2026-09-20T00:08:27.771520+08:00,35181,柏騰一,3518,柏騰科技股份有限公司,,,,skipped_by_time_budget,skipped_by_time_budget,,,,skipped
2026-09-20T00:08:27.771523+08:00,68301,汎銓一,6830,汎銓科技股份有限公司,,,,skipped_by_time_budget,skipped_by_time_budget,,,,skipped
2026-09-20T00:08:27.771526+08:00,15364,和大四,1536,和大工業股份有限公司,,,,skipped_by_time_budget,skipped_by_time_budget,,,,skipped
2026-09-20T00:08:27.771529+08:00,41372,麗豐二KY,4137,麗豐股份有限公司,,,,skipped_by_time_budget,skipped_by_time_budget,,,,skipped
2026-09-20T00:08:27.771532+08:00,140201,遠東新E1永,1402,遠東新世紀股份有限公司,,,,skipped_by_time_budget,skipped_by_time_budget,,,,skipped
2026-09-20T00:08:27.771536+08:00,140202,遠東新E2永,1402,遠東新世紀股份有限公司,,,,skipped_by_time_budget,skipped_by_time_budget,,,,skipped
2026-09-20T00:08:27.771538+08:00,36053,宏致三,3605,宏致電子股份有限公司,,,,skipped_by_time_budget,skipped_by_time_budget,,,,skipped
2026-09-20T00:08:27.771541+08:00,62695,台郡五,6269,台郡科技股份有限公司,,,,skipped_by_time_budget,skipped_by_time_budget,,,,skipped
2026-09-20T00:08:27.771544+08:00,62696,台郡六,6269,台郡科技股份有限公司,,,,skipped_by_time_budget,skipped_by_time_budget,,,,skipped
2026-09-20T00:08:27.771547+08:00,33245,雙鴻五,3324,雙鴻科技股份有限公司,,,,skipped_by_time_budget,skipped_by_time_budget,,,,skipped
2026-09-20T00:08:27.771550+08:00,26417,正德七,2641,正德海運股份有限公司,,,,skipped_by_time_budget,skipped_by_time_budget,,,,skipped
2026-09-20T00:08:27.771553+08:00,30165,嘉晶五,3016,嘉晶電子股份有限公司,,,,skipped_by_time_budget,skipped_by_time_budget,,,,skipped
2026-09-20T00:08:27.771556+08:00,99332,中鼎二,9933,中鼎工程股份有限公司,,,,skipped_by_time_budget,skipped_by_time_budget,,,,skipped
2026-09-20T00:08:27.771560+08:00,24395,美律五,2439,美律實業股份有限公司,,,,skipped_by_time_budget,skipped_by_time_budget,,,,skipped
2026-09-20T00:08:27.771563+08:00,33621,先進光一,3362,先進光電科技股份有限公司,,,,skipped_by_time_budget,skipped_by_time_budget,,,,skipped
2026-09-20T00:08:27.771566+08:00,45721,駐龍一,4572,駐龍精密機械股份有限公司,,,,skipped_by_time_budget,skipped_by_time_budget,,,,skipped
2026-09-20T00:08:27.771570+08:00,84781,東哥遊艇一,8478,東哥企業股份有限公司,,,,skipped_by_time_budget,skipped_by_time_budget,,,,skipped
2026-09-20T00:08:27.771573+08:00,41903,佐登三KY,4190,佐登妮絲集團股份有限公司,,,,skipped_by_time_budget,skipped_by_time_budget,,,,skipped
2026-09-20T00:08:27.771576+08:00,24394,美律四,2439,美律實業股份有限公司,,,,skipped_by_time_budget,skipped_by_time_budget,,,,skipped
2026-09-20T00:08:27.771578+08:00,66241,萬年清一,6624,萬年清環境工程股份有限公司,,,,skipped_by_time_budget,skipped_by_time_budget,,,,skipped
2026-09-20T00:08:27.771581+08:00,65096,聚和六,6509,聚和國際股份有限公司,,,,skipped_by_time_budget,skipped_by_time_budget,,,,skipped
2026-09-20T00:08:27.771584+08:00,33121,弘憶股一,3312,弘憶國際股份有限公司,,,,skipped_by_time_budget,skipped_by_time_budget,,,,skipped
2026-09-20T00:08:27.771587+08:00,62433,迅杰三,6243,迅杰科技股份有限公司,,,,skipped_by_time_budget,skipped_by_time_budget,,,,skipped
2026-09-20T00:08:27.771590+08:00,67531,龍德造船一,6753,龍德造船工業股份有限公司,,,,skipped_by_time_budget,skipped_by_time_budget,,,,skipped
2026-09-20T00:08:27.771593+08:00,61255,廣運五,6125,廣運機械工程股份有限公司,,,,skipped_by_time_budget,skipped_by_time_budget,,,,skipped
2026-09-20T00:08:27.771596+08:00,65461,正基一,6546,正基科技股份有限公司,,,,skipped_by_time_budget,skipped_by_time_budget,,,,skipped
2026-09-20T00:08:27.771598+08:00,84673,波力三KY,8467,波力環球企業股份有限公司,,,,skipped_by_time_budget,skipped_by_time_budget,,,,skipped
2026-09-20T00:08:27.771601+08:00,84672,波力二KY,8467,波力環球企業股份有限公司,,,,skipped_by_time_budget,skipped_by_time_budget,,,,skipped
2026-09-20T00:08:27.771604+08:00,61171,迎廣一,6117,迎廣科技股份有限公司,,,,skipped_by_time_budget,skipped_by_time_budget,,,,skipped
2026-09-20T00:08:27.771608+08:00,68401,東研信超一,6840,東研信超股份有限公司,,,,skipped_by_time_budget,skipped_by_time_budget,,,,skipped
2026-09-20T00:08:27.771611+08:00,84333,弘帆三,8433,弘帆股份有限公司,,,,skipped_by_time_budget,skipped_by_time_budget,,,,skipped
2026-09-20T00:08:27.771614+08:00,811210,至上十,8112,至上電子股份有限公司,,,,skipped_by_time_budget,skipped_by_time_budget,,,,skipped
2026-09-20T00:08:27.771617+08:00,84332,弘帆二,8433,弘帆股份有限公司,,,,skipped_by_time_budget,skipped_by_time_budget,,,,skipped
2026-09-20T00:08:27.771620+08:00,34834,力致四,3483,力致科技股份有限公司,,,,skipped_by_time_budget,skipped_by_time_budget,,,,skipped
2026-09-20T00:08:27.771623+08:00,31413,晶宏三,3141,晶宏半導體股份有限公司,,,,skipped_by_time_budget,skipped_by_time_budget,,,,skipped
2026-09-20T00:08:27.771626+08:00,31222,笙泉二,3122,笙泉科技股份有限公司,,,,skipped_by_time_budget,skipped_by_time_budget,,,,skipped
2026-09-20T00:08:27.771628+08:00,32071,耀勝一,3207,耀勝電子股份有限公司,,,,skipped_by_time_budget,skipped_by_time_budget,,,,skipped
2026-09-20T00:08:27.771631+08:00,80924,建暐四,8092,建暐精密科技股份有限公司,,,,skipped_by_time_budget,skipped_by_time_budget,,,,skipped
2026-09-20T00:08:27.771634+08:00,32723,東碩三,3272,東碩資訊股份有限公司,,,,skipped_by_time_budget,skipped_by_time_budget,,,,skipped
2026-09-20T00:08:27.771637+08:00,61506,撼訊六,6150,撼訊科技股份有限公司,,,,skipped_by_time_budget,skipped_by_time_budget,,,,skipped
2026-09-20T00:08:27.771639+08:00,54573,宣德三,5457,宣德科技股份有限公司,,,,skipped_by_time_budget,skipped_by_time_budget,,,,skipped
2026-09-20T00:08:27.771642+08:00,61843,大豐電三,6184,大豐有線電視股份有限公司,,,,skipped_by_time_budget,skipped_by_time_budget,,,,skipped
2026-09-20T00:08:27.771645+08:00,52635,智崴五,5263,智崴資訊科技股份有限公司,,,,skipped_by_time_budget,skipped_by_time_budget,,,,skipped
2026-09-20T00:08:27.771648+08:00,53211,美而快一,5321,美而快國際股份有限公司,,,,skipped_by_time_budget,skipped_by_time_budget,,,,skipped
2026-09-20T00:08:27.771652+08:00,35266,凡甲六,3526,凡甲科技股份有限公司,,,,skipped_by_time_budget,skipped_by_time_budget,,,,skipped
2026-09-20T00:08:27.771654+08:00,24762,鉅祥二,2476,鉅祥企業股份有限公司,,,,skipped_by_time_budget,skipped_by_time_budget,,,,skipped
2026-09-20T00:08:27.771657+08:00,27323,六角三,2732,六角國際事業股份有限公司,,,,skipped_by_time_budget,skipped_by_time_budget,,,,skipped
2026-09-20T00:08:27.771660+08:00,34163,融程電三,3416,融程電訊股份有限公司,,,,skipped_by_time_budget,skipped_by_time_budget,,,,skipped
2026-09-20T00:08:27.771663+08:00,34793,安勤三,3479,安勤科技股份有限公司,,,,skipped_by_time_budget,skipped_by_time_budget,,,,skipped
2026-09-20T00:08:27.771665+08:00,35482,兆利二,3548,兆利科技工業股份有限公司,,,,skipped_by_time_budget,skipped_by_time_budget,,,,skipped
2026-09-20T00:08:27.771668+08:00,60152,宏遠證二,6015,宏遠證券股份有限公司,,,,skipped_by_time_budget,skipped_by_time_budget,,,,skipped
2026-09-20T00:08:27.771671+08:00,84881,吉源一KY,8488,吉源控股股份有限公司,,,,skipped_by_time_budget,skipped_by_time_budget,,,,skipped
2026-09-20T00:08:27.771674+08:00,35221,御嵿一,3522,御嵿國際股份有限公司,,,,skipped_by_time_budget,skipped_by_time_budget,,,,skipped
2026-09-20T00:08:27.771676+08:00,62843,佳邦三,6284,佳邦科技股份有限公司,,,,skipped_by_time_budget,skipped_by_time_budget,,,,skipped
2026-09-20T00:08:27.771679+08:00,24271,三商電一,2427,三商電腦股份有限公司,,,,skipped_by_time_budget,skipped_by_time_budget,,,,skipped
2026-09-20T00:08:27.771682+08:00,53887,中磊七,5388,中磊電子股份有限公司,,,,skipped_by_time_budget,skipped_by_time_budget,,,,skipped
2026-09-20T00:08:27.771685+08:00,13382,廣華二KY,1338,廣華控股有限公司,,,,skipped_by_time_budget,skipped_by_time_budget,,,,skipped
2026-09-20T00:08:27.771687+08:00,61263,信音三,6126,信音企業股份有限公司,,,,skipped_by_time_budget,skipped_by_time_budget,,,,skipped
2026-09-20T00:08:27.771690+08:00,45663,時碩工業三,4566,時碩工業股份有限公司,,,,skipped_by_time_budget,skipped_by_time_budget,,,,skipped
2026-09-20T00:08:27.771693+08:00,99412,裕融二,9941,裕融企業股份有限公司,,,,skipped_by_time_budget,skipped_by_time_budget,,,,skipped
2026-09-20T00:08:27.771695+08:00,61894,豐藝四,6189,豐藝電子股份有限公司,,,,skipped_by_time_budget,skipped_by_time_budget,,,,skipped
2026-09-20T00:08:27.771698+08:00,53064,桂盟四,5306,桂盟國際股份有限公司,,,,skipped_by_time_budget,skipped_by_time_budget,,,,skipped
2026-09-20T00:08:27.771701+08:00,33571,臺慶科一,3357,西北臺慶科技股份有限公司,,,,skipped_by_time_budget,skipped_by_time_budget,,,,skipped
2026-09-20T00:08:27.771703+08:00,65852,鼎基二,6585,鼎基先進材料股份有限公司,,,,skipped_by_time_budget,skipped_by_time_budget,,,,skipped
2026-09-20T00:08:27.771706+08:00,65851,鼎基一,6585,鼎基先進材料股份有限公司,,,,skipped_by_time_budget,skipped_by_time_budget,,,,skipped
2026-09-20T00:08:27.771709+08:00,84422,威宏二KY,8442,威宏控股股份有限公司,,,,skipped_by_time_budget,skipped_by_time_budget,,,,skipped
2026-09-20T00:08:27.771711+08:00,36804,家登四,3680,家登精密工業股份有限公司,,,,skipped_by_time_budget,skipped_by_time_budget,,,,skipped
2026-09-20T00:08:27.771714+08:00,21043,國際中橡三,2104,國際中橡投資控股股份有限公司,,,,skipped_by_time_budget,skipped_by_time_budget,,,,skipped
2026-09-20T00:08:27.771717+08:00,52091,新鼎一,5209,新鼎系統股份有限公司,,,,skipped_by_time_budget,skipped_by_time_budget,,,,skipped
2026-09-20T00:08:27.771719+08:00,68731,泓德能源一,6873,泓德能源科技股份有限公司,,,,skipped_by_time_budget,skipped_by_time_budget,,,,skipped
2026-09-20T00:08:27.771721+08:00,45641,元翎一,4564,元翎精密工業股份有限公司,,,,skipped_by_time_budget,skipped_by_time_budget,,,,skipped
2026-09-20T00:08:27.771724+08:00,29061,高林一,2906,高林實業股份有限公司,,,,skipped_by_time_budget,skipped_by_time_budget,,,,skipped
2026-09-20T00:08:27.771727+08:00,66163,特昇三KY,6616,特昇國際股份有限公司,,,,skipped_by_time_budget,skipped_by_time_budget,,,,skipped
2026-09-20T00:08:27.771729+08:00,15261,日馳一,1526,日馳企業股份有限公司,,,,skipped_by_time_budget,skipped_by_time_budget,,,,skipped
2026-09-20T00:08:27.771732+08:00,62822,康舒二,6282,康舒科技股份有限公司,,,,skipped_by_time_budget,skipped_by_time_budget,,,,skipped
2026-09-20T00:08:27.771735+08:00,22013,裕隆三,2201,裕隆汽車製造股份有限公司,,,,skipped_by_time_budget,skipped_by_time_budget,,,,skipped
2026-09-20T00:08:27.771737+08:00,41237,晟德七,4123,晟德大藥廠股份有限公司,,,,skipped_by_time_budget,skipped_by_time_budget,,,,skipped
2026-09-20T00:08:27.771740+08:00,41236,晟德六,4123,晟德大藥廠股份有限公司,,,,skipped_by_time_budget,skipped_by_time_budget,,,,skipped
2026-09-20T00:08:27.771743+08:00,34843,崧騰三,3484,崧騰企業股份有限公司,,,,skipped_by_time_budget,skipped_by_time_budget,,,,skipped
2026-09-20T00:08:27.771746+08:00,27271,王品一,2727,王品餐飲股份有限公司,,,,skipped_by_time_budget,skipped_by_time_budget,,,,skipped
2026-09-20T00:08:27.771748+08:00,54501,南良一,5450,南良國際股份有限公司,,,,skipped_by_time_budget,skipped_by_time_budget,,,,skipped
2026-09-20T00:08:27.771751+08:00,80506,廣積六,8050,廣積科技股份有限公司,,,,skipped_by_time_budget,skipped_by_time_budget,,,,skipped
2026-09-20T00:08:27.771754+08:00,84221,可寧衛一,8422,可寧衛股份有限公司,,,,skipped_by_time_budget,skipped_by_time_budget,,,,skipped
2026-09-20T00:08:27.771756+08:00,44163,三圓三,4416,三圓建設股份有限公司,,,,skipped_by_time_budget,skipped_by_time_budget,,,,skipped
2026-09-20T00:08:27.771759+08:00,61041,創惟一,6104,創惟科技股份有限公司,,,,skipped_by_time_budget,skipped_by_time_budget,,,,skipped
2026-09-20T00:08:27.771761+08:00,64774,安集四,6477,安集科技股份有限公司,,,,skipped_by_time_budget,skipped_by_time_budget,,,,skipped
2026-09-20T00:08:27.771764+08:00,80273,鈦昇三,8027,鈦昇科技股份有限公司,,,,skipped_by_time_budget,skipped_by_time_budget,,,,skipped
2026-09-20T00:08:27.771767+08:00,30336,威健六,3033,威健實業股份有限公司,,,,skipped_by_time_budget,skipped_by_time_budget,,,,skipped
2026-09-20T00:08:27.771770+08:00,35265,凡甲五,3526,凡甲科技股份有限公司,,,,skipped_by_time_budget,skipped_by_time_budget,,,,skipped
2026-09-20T00:08:27.771772+08:00,81042,錸寶二,8104,錸寶科技股份有限公司,,,,skipped_by_time_budget,skipped_by_time_budget,,,,skipped
2026-09-20T00:08:27.771775+08:00,19094,榮成四,1909,榮成紙業股份有限公司,,,,skipped_by_time_budget,skipped_by_time_budget,,,,skipped
2026-09-20T00:08:27.771778+08:00,47393,康普三,4739,康普材料科技股份有限公司,,,,skipped_by_time_budget,skipped_by_time_budget,,,,skipped
2026-09-20T00:08:27.771780+08:00,65521,易華電一,6552,易華電子股份有限公司,,,,skipped_by_time_budget,skipped_by_time_budget,,,,skipped
2026-09-20T00:08:27.771783+08:00,37084,上緯投控四,3708,上緯國際控股股份有限公司,,,,skipped_by_time_budget,skipped_by_time_budget,,,,skipped
2026-09-20T00:08:27.771786+08:00,84732,山林水二,8473,山林水環境工程股份有限公司,,,,skipped_by_time_budget,skipped_by_time_budget,,,,skipped
2026-09-20T00:08:27.771789+08:00,37083,上緯投控三,3708,上緯國際控股股份有限公司,,,,skipped_by_time_budget,skipped_by_time_budget,,,,skipped
2026-09-20T00:08:27.771792+08:00,65843,南俊國際三,6584,南俊國際股份有限公司,,,,skipped_by_time_budget,skipped_by_time_budget,,,,skipped
2026-09-20T00:08:27.771795+08:00,31352,凌航二,3135,凌航科技股份有限公司,,,,skipped_by_time_budget,skipped_by_time_budget,,,,skipped
2026-09-20T00:08:27.771798+08:00,31672,大量二,3167,大量科技股份有限公司,,,,skipped_by_time_budget,skipped_by_time_budget,,,,skipped
2026-09-20T00:08:27.771801+08:00,31312,弘塑二,3131,弘塑科技股份有限公司,,,,skipped_by_time_budget,skipped_by_time_budget,,,,skipped
2026-09-20T00:08:27.771803+08:00,31311,弘塑一,3131,弘塑科技股份有限公司,,,,skipped_by_time_budget,skipped_by_time_budget,,,,skipped
2026-09-20T00:08:27.771806+08:00,629010,良維十,6290,良維科技股份有限公司,,,,skipped_by_time_budget,skipped_by_time_budget,,,,skipped
2026-09-20T00:08:27.771809+08:00,23372,旺宏二,2337,旺宏電子股份有限公司,,,,skipped_by_time_budget,skipped_by_time_budget,,,,skipped
2026-09-20T00:08:27.771812+08:00,64512,訊芯二KY,6451,訊芯科技控股股份有限公司,,,,skipped_by_time_budget,skipped_by_time_budget,,,,skipped
2026-09-20T00:08:27.771815+08:00,27551,揚秦一,2755,揚秦國際企業股份有限公司,,,,skipped_by_time_budget,skipped_by_time_budget,,,,skipped
2026-09-20T00:08:27.771817+08:00,45421,科嶠一,4542,科嶠工業股份有限公司,,,,skipped_by_time_budget,skipped_by_time_budget,,,,skipped
2026-09-20T00:08:27.771820+08:00,80914,翔名四,8091,翔名科技股份有限公司,,,,skipped_by_time_budget,skipped_by_time_budget,,,,skipped
2026-09-20T00:08:27.771823+08:00,27561,聯發國際一,2756,聯發國際餐飲事業股份有限公司,,,,skipped_by_time_budget,skipped_by_time_budget,,,,skipped
2026-09-20T00:08:27.771826+08:00,36894,湧德四,3689,湧德電子股份有限公司,,,,skipped_by_time_budget,skipped_by_time_budget,,,,skipped
2026-09-20T00:08:27.771829+08:00,33055,昇貿五,3305,昇貿科技股份有限公司,,,,skipped_by_time_budget,skipped_by_time_budget,,,,skipped
2026-09-20T00:08:27.771832+08:00,89366,國統六,8936,國統國際股份有限公司,,,,skipped_by_time_budget,skipped_by_time_budget,,,,skipped
2026-09-20T00:08:27.771834+08:00,76311,聚賢研發一創,7631,聚賢研發股份有限公司,,,,skipped_by_time_budget,skipped_by_time_budget,,,,skipped
2026-09-20T00:08:27.771836+08:00,32191,倚強科一,3219,倚強科技股份有限公司,,,,skipped_by_time_budget,skipped_by_time_budget,,,,skipped
2026-09-20T00:08:27.771839+08:00,49731,廣穎電通一,4973,廣穎電通股份有限公司,,,,skipped_by_time_budget,skipped_by_time_budget,,,,skipped
2026-09-20T00:08:27.771842+08:00,30166,嘉晶六,3016,嘉晶電子股份有限公司,,,,skipped_by_time_budget,skipped_by_time_budget,,,,skipped
2026-09-20T00:08:27.771845+08:00,35122,皇龍二,3512,皇龍開發股份有限公司,,,,skipped_by_time_budget,skipped_by_time_budget,,,,skipped
2026-09-20T00:08:27.771847+08:00,49675,十銓五,4967,十銓科技股份有限公司,,,,skipped_by_time_budget,skipped_by_time_budget,,,,skipped
2026-09-20T00:08:27.771850+08:00,55363,聖暉三,5536,聖暉工程科技股份有限公司,,,,skipped_by_time_budget,skipped_by_time_budget,,,,skipped
2026-09-20T00:08:27.771853+08:00,89365,國統五,8936,國統國際股份有限公司,,,,skipped_by_time_budget,skipped_by_time_budget,,,,skipped
2026-09-20T00:08:27.771913+08:00,65702,維田二,6570,維田科技股份有限公司,,,,skipped_by_time_budget,skipped_by_time_budget,,,,skipped
2026-09-20T00:08:27.771916+08:00,30812,聯亞二,3081,聯亞光電工業股份有限公司,,,,skipped_by_time_budget,skipped_by_time_budget,,,,skipped
2026-09-20T00:08:27.771919+08:00,81553,博智三,8155,博智電子股份有限公司,,,,skipped_by_time_budget,skipped_by_time_budget,,,,skipped
2026-09-20T00:08:27.771923+08:00,80541,安國一,8054,安國國際科技股份有限公司,,,,skipped_by_time_budget,skipped_by_time_budget,,,,skipped
2026-09-20T00:08:27.771926+08:00,61343,萬旭三,6134,萬旭電業股份有限公司,,,,skipped_by_time_budget,skipped_by_time_budget,,,,skipped
2026-09-20T00:08:27.771930+08:00,16231,大東電一,1623,大東電業廠股份有限公司,,,,skipped_by_time_budget,skipped_by_time_budget,,,,skipped
2026-09-20T00:08:27.771933+08:00,80963,擎亞三,8096,擎亞電子股份有限公司,,,,skipped_by_time_budget,skipped_by_time_budget,,,,skipped
2026-09-20T00:08:27.771935+08:00,36054,宏致四,3605,宏致電子股份有限公司,,,,skipped_by_time_budget,skipped_by_time_budget,,,,skipped
2026-09-20T00:08:27.771938+08:00,61876,萬潤六,6187,萬潤科技股份有限公司,,,,skipped_by_time_budget,skipped_by_time_budget,,,,skipped
2026-09-20T00:08:27.771941+08:00,80962,擎亞二,8096,擎亞電子股份有限公司,,,,skipped_by_time_budget,skipped_by_time_budget,,,,skipped
2026-09-20T00:08:27.771944+08:00,52892,宜鼎二,5289,宜鼎國際股份有限公司,,,,skipped_by_time_budget,skipped_by_time_budget,,,,skipped
2026-09-20T00:08:27.771947+08:00,41904,佐登四KY,4190,佐登妮絲集團股份有限公司,,,,skipped_by_time_budget,skipped_by_time_budget,,,,skipped
2026-09-20T00:08:27.771950+08:00,65463,正基三,6546,正基科技股份有限公司,,,,skipped_by_time_budget,skipped_by_time_budget,,,,skipped
2026-09-20T00:08:27.771953+08:00,811211,至上11,8112,至上電子股份有限公司,,,,skipped_by_time_budget,skipped_by_time_budget,,,,skipped
2026-09-20T00:08:27.771955+08:00,32943,英濟三,3294,英濟股份有限公司,,,,skipped_by_time_budget,skipped_by_time_budget,,,,skipped
2026-09-20T00:08:27.771959+08:00,62236,旺矽六,6223,旺矽科技股份有限公司,,,,skipped_by_time_budget,skipped_by_time_budget,,,,skipped
2026-09-20T00:08:27.771961+08:00,622010,岳豐十,6220,岳豐科技股份有限公司,,,,skipped_by_time_budget,skipped_by_time_budget,,,,skipped
2026-09-20T00:08:27.771964+08:00,34913,昇達科三,3491,昇達科技股份有限公司,,,,skipped_by_time_budget,skipped_by_time_budget,,,,skipped
2026-09-20T00:08:27.771967+08:00,65462,正基二,6546,正基科技股份有限公司,,,,skipped_by_time_budget,skipped_by_time_budget,,,,skipped
2026-09-20T00:08:27.771969+08:00,17172,長興二,1717,長興材料工業股份有限公司,,,,skipped_by_time_budget,skipped_by_time_budget,,,,skipped
2026-09-20T00:08:27.772236+08:00,23372,旺宏二,2337,旺宏電子股份有限公司,existing_alert_preserved,yahoo_news_confirmed_redemption,https://tw.stock.yahoo.com/news/%E5%85%AC%E5%91%8A-%E6%97%BA%E5%AE%8F%E8%82%A1%E4%BB%BD%E6%9C%89%E9%99%90%E5%85%AC%E5%8F%B8%E5%9C%8B%E5%85%A7%E7%AC%AC%E4%BA%8C%E6%AC%A1%E7%84%A1%E6%93%94%E4%BF%9D%E8%BD%89%E6%8F%9B%E5%85%AC%E5%8F%B8%E5%82%B5-%E7%B0%A1%E7%A8%B1-%E6%97%BA%E5%AE%8F%E4%BA%8C-%E4%BB%A3%E7%A2%BC-123221316.html,kept_existing_alert,kept_existing_alert_not_removed_without_official_cancellation,【公告】旺宏股份有限公司國內第二次無擔保轉換公司債(簡稱：旺宏二，代碼：23372)發行公司行使債券贖回權暨訂於115年09月16日終止櫃檯買賣等相關事宜。 【公告】旺宏股份有限公司國內第二次無擔保轉換公司債(簡稱：旺宏二，代碼：23372)發行公司行使債券贖回權暨訂於115年09月16日終止櫃檯買賣等相關事宜。 Yahoo股市 首頁 新聞 股市 運動 TV 汽機車 購物中心 拍賣 氣象 App 下載 搜尋 登入 首頁 股市VIP 自選股 台股行情 智慧選股 期權 國際金融 新聞 AI 事件整理 房地產 投資新手村 基金 銀行服務 首頁 社群爆紅榜 Yahoo財經特派記者 Yahoo財經大人物 財經專輯 股市VIP 智慧選股 個股比較 ETF,existing_alert_preserved,https://tw.stock.yahoo.com/news/%E5%85%AC%E5%91%8A-%E6%97%BA%E5%AE%8F%E8%82%A1%E4%BB%BD%E6%9C%89%E9%99%90%E5%85%AC%E5%8F%B8%E5%9C%8B%E5%85%A7%E7%AC%AC%E4%BA%8C%E6%AC%A1%E7%84%A1%E6%93%94%E4%BF%9D%E8%BD%89%E6%8F%9B%E5%85%AC%E5%8F%B8%E5%82%B5-%E7%B0%A1%E7%A8%B1-%E6%97%BA%E5%AE%8F%E4%BA%8C-%E4%BB%A3%E7%A2%BC-123221316.html,kept_existing
2026-09-20T00:08:27.772341+08:00,27551,揚秦一,2755,揚秦國際企業股份有限公司,existing_alert_preserved,yahoo_news_confirmed_redemption,https://tw.stock.yahoo.com/news/%E5%85%AC%E5%91%8A-%E6%8F%9A%E7%A7%A6%E8%82%A1%E4%BB%BD%E6%9C%89%E9%99%90%E5%85%AC%E5%8F%B8%E7%AC%AC-%E6%AC%A1%E7%84%A1%E6%93%94%E4%BF%9D%E8%BD%89%E6%8F%9B%E5%85%AC%E5%8F%B8%E5%82%B5-%E7%B0%A1%E7%A8%B1-%E6%8F%9A%E7%A7%A6-063035783.html,kept_existing_alert,kept_existing_alert_not_removed_without_official_cancellation,【公告】揚秦股份有限公司第一次無擔保轉換公司債(簡稱：揚秦一，代碼：27551)發行公司行使債券贖回權暨訂於115年11月02日終止櫃檯買賣等相關事宜。 【公告】揚秦股份有限公司第一次無擔保轉換公司債(簡稱：揚秦一，代碼：27551)發行公司行使債券贖回權暨訂於115年11月02日終止櫃檯買賣等相關事宜。 Yahoo股市 首頁 新聞 股市 運動 TV 汽機車 購物中心 拍賣 氣象 App 下載 搜尋 登入 首頁 股市VIP 自選股 台股行情 智慧選股 期權 國際金融 新聞 AI 事件整理 房地產 投資新手村 基金 銀行服務 首頁 社群爆紅榜 Yahoo財經特派記者 Yahoo財經大人物 財經專輯 股市VIP 智慧選股 個股比較 ETF 比較,existing_alert_preserved,https://tw.stock.yahoo.com/news/%E5%85%AC%E5%91%8A-%E6%8F%9A%E7%A7%A6%E8%82%A1%E4%BB%BD%E6%9C%89%E9%99%90%E5%85%AC%E5%8F%B8%E7%AC%AC-%E6%AC%A1%E7%84%A1%E6%93%94%E4%BF%9D%E8%BD%89%E6%8F%9B%E5%85%AC%E5%8F%B8%E5%82%B5-%E7%B0%A1%E7%A8%B1-%E6%8F%9A%E7%A7%A6-063035783.html,kept_existing
2026-09-20T00:08:27.772440+08:00,27561,聯發國際一,2756,聯發國際餐飲事業股份有限公司,existing_alert_preserved,yahoo_news_confirmed_redemption,https://tw.stock.yahoo.com/news/%E7%A7%91%E5%B6%A0-9-18%E8%B5%B7%E7%B5%82%E6%AD%A2%E6%AB%83%E6%AA%AF%E8%B2%B7%E8%B3%A3-002200787.html,kept_existing_alert,kept_existing_alert_not_removed_without_official_cancellation,「科嶠一」9/18起終止櫃檯買賣 「科嶠一」9/18起終止櫃檯買賣 Yahoo股市 首頁 新聞 股市 運動 TV 汽機車 購物中心 拍賣 氣象 App 下載 搜尋 登入 首頁 股市VIP 自選股 台股行情 智慧選股 期權 國際金融 新聞 房地產 投資新手村 基金 銀行服務 首頁 社群爆紅榜 Yahoo財經特派記者 Yahoo財經大人物 財經專輯 股市VIP 智慧選股 個股比較 ETF 比較 台股行事曆 個股估價 新版個股健診 自選股 台股行情 大盤 類股 ETF專區 法人進出 成交比重 資券餘額 台股行事曆 漲幅排行 跌幅排行 成交量排行 外資買超排行 外資賣超排行 更多熱門排行 社群爆紅榜 智慧選股 期權 台指期貨 指數選擇權 未平倉數 ｜期貨停看聽｜ 國際金融 國際指數 外匯 美股 港股 滬深股 原物料 ADR 加密貨幣 新聞 台股盤勢 ETF 美股 陸港股 黃金 外匯 個人理財 民生景氣 ESG 財經雜誌 Yahoo財經特派 ｜基金聰明挑｜ ｜創新望遠鏡｜ 房地產 房產新聞 買房必知 買房財之道 好宅報報 房價狙擊手 小編賞屋去 裝潢佈置 居家風水 ｜住火險試算｜ 投資新手村 Yahoo早盤 Hot台股 Follow法人 Yahoo財經掃描 投資診聊室 盤點概念股 看圖說股市 投資早知道 基金 國內基金 境外基金 績效排行 基金篩選 我的基金 銀行服務 匯率換算 外幣投資 ATM轉帳 保險試算 更多 台股類股查詢 升級VIP 打開App 首頁 股市VIP 自選股 台股行情 智慧選股 期權 國際金融 新聞 房地產 投資新手村 基金 銀行服務 首頁 社群爆紅榜 Yahoo財經特派記者 Yahoo財經大人物 財經專輯 股市VIP 智慧選股 個股比較 ETF 比較 台股行事曆 個股估價 新版個股健診 自選股 台股行情 大盤 類股 ETF專區 法人進出 成交比重 資券餘額 台股行事曆 漲幅排行 跌幅排行 成交量排行 外資買超排行 外資賣超排行 更多熱門排行 社群爆紅榜 智慧選股 期權 台指期貨 指數選擇權 未平倉數 ｜期貨停看聽｜ 國際金融 國際指數 外匯 美股 港股 滬深股 原物料 ADR 加密貨幣 新聞 台股盤勢 ETF 美股 陸港股 黃金 外匯 個人理財 民生景氣 ESG 財經雜誌 Yahoo財經特派 ｜基金聰明挑｜ ｜創新望遠鏡｜ 房地產 房產新聞 買房必知 買房財之道 好宅報報 房價狙擊手 小編賞屋去 裝潢佈置 居家風水 ｜住火險試算｜ 投資新手村 Yahoo早盤 Hot台股 Follow法人 Yahoo財經掃描 投資診聊室 盤點概念股 看圖說股市 投資早知道 基金 國內基金 境外基金 績效排行 基金篩選 我的基金 銀行服務 匯率換算 外幣投資 ATM轉帳 保險試算 更多 廣告 「科嶠一」9/18起終止櫃檯買賣 Moneydj理財網 2026年7月26日週日 下午8:22 加入為 Google 偏好來源 （另開新視窗） 將 Yahoo 加入 Google 優先推薦來源 將 Yahoo 設為首選來源，在 Google 上查看更多我們的精彩報導 加入首選來源 （另開新視窗） 公告科嶠工業股份有限公司國內第一次無擔保轉換公司債（債券簡稱：科嶠一；代號：45421）因發行公司行使贖回權，訂於115年9月18日終止櫃檯買賣。 延伸閱讀： 《DJ在線》Intel上修資本支出 設備耗材供應鏈進補 科嶠 公告科嶠股份有限公司國內第一次無擔保轉換公司債(簡稱：科嶠一，代碼：45421)發行公司行使債券贖回權暨訂於115年09月18日終止櫃檯買賣等相... 資料來源- MoneyDJ理財網 檢視留言 登入後即可張貼留言。 廣告 熱門留言 熱門留言 最新留言 最近議題 最多評論 舊到新 暫無留言 相關內容 【公告】聯發國際餐飲事業股份有限公司國內第一次無擔保(例：第一次有擔保)轉(交)換公司債(簡稱：聯發國際一，代碼：27561)停止受理轉交換及到期日落於停止轉(交)換期間等相關事項。 日 期：2026年08月07日公司名稱：聯發國際(2756)主 旨：聯發國際餐飲事業股份有限公司國內第一次無擔保(例：第一次有,existing_alert_preserved,https://tw.stock.yahoo.com/news/%E7%A7%91%E5%B6%A0-9-18%E8%B5%B7%E7%B5%82%E6%AD%A2%E6%AB%83%E6%AA%AF%E8%B2%B7%E8%B3%A3-002200787.html,kept_existing
2026-09-20T00:08:27.772505+08:00,31311,弘塑一,3131,弘塑科技股份有限公司,existing_alert_preserved,yahoo_news_confirmed_redemption,https://tw.stock.yahoo.com/news/%E5%BC%98%E5%A1%91-%E5%85%AC%E5%91%8A%E5%BC%98%E5%A1%91%E8%82%A1%E4%BB%BD%E6%9C%89%E9%99%90%E5%85%AC%E5%8F%B8%E5%9C%8B%E5%85%A7%E7%AC%AC-%E6%AC%A1%E7%84%A1%E6%93%94%E4%BF%9D%E8%BD%89%E6%8F%9B%E5%85%AC%E5%8F%B8%E5%82%B5-%E7%B0%A1%E7%A8%B1-%E5%BC%98%E5%A1%91-102300532.html,kept_existing_alert,kept_existing_alert_not_removed_without_official_cancellation,弘塑 公告弘塑股份有限公司國內第一次無擔保轉換公司債(簡稱：弘塑一，代碼：31311)發行公司行使債券贖回權暨訂於115年09月21日終止櫃檯買賣等相... 弘塑 公告弘塑股份有限公司國內第一次無擔保轉換公司債(簡稱：弘塑一，代碼：31311)發行公司行使債券贖回權暨訂於115年09月21日終止櫃檯買賣等相... Yahoo股市 首頁 新聞 股市 運動 TV 汽機車 購物中心 拍賣 氣象 App 下載 搜尋 登入 首頁 股市VIP 自選股 台股行情 智慧選股 期權 國際金融 新聞 AI 事件整理 房地產 投資新手村 基金 銀行服務 首頁 社群爆紅榜 Yahoo財經特派記者 Yahoo財經大人物 財經專輯 股市VIP 智慧選股 個股比較 ETF 比,existing_alert_preserved,https://tw.stock.yahoo.com/news/%E5%BC%98%E5%A1%91-%E5%85%AC%E5%91%8A%E5%BC%98%E5%A1%91%E8%82%A1%E4%BB%BD%E6%9C%89%E9%99%90%E5%85%AC%E5%8F%B8%E5%9C%8B%E5%85%A7%E7%AC%AC-%E6%AC%A1%E7%84%A1%E6%93%94%E4%BF%9D%E8%BD%89%E6%8F%9B%E5%85%AC%E5%8F%B8%E5%82%B5-%E7%B0%A1%E7%A8%B1-%E5%BC%98%E5%A1%91-102300532.html,kept_existing
2026-09-20T00:08:27.772564+08:00,31312,弘塑二,3131,弘塑科技股份有限公司,existing_alert_preserved,yahoo_news_confirmed_redemption,https://tw.stock.yahoo.com/news/%E5%85%AC%E5%91%8A-%E5%BC%98%E5%A1%91%E8%82%A1%E4%BB%BD%E6%9C%89%E9%99%90%E5%85%AC%E5%8F%B8%E5%9C%8B%E5%85%A7%E7%AC%AC%E4%BA%8C%E6%AC%A1%E7%84%A1%E6%93%94%E4%BF%9D%E8%BD%89%E6%8F%9B%E5%85%AC%E5%8F%B8%E5%82%B5-%E7%B0%A1%E7%A8%B1-%E5%BC%98%E5%A1%91%E4%BA%8C-%E4%BB%A3%E7%A2%BC-103641863.html,kept_existing_alert,kept_existing_alert_not_removed_without_official_cancellation,【公告】弘塑股份有限公司國內第二次無擔保轉換公司債(簡稱：弘塑二，代碼：31312)發行公司行使債券贖回權暨訂於115年09月21日終止櫃檯買賣等相關事宜。 【公告】弘塑股份有限公司國內第二次無擔保轉換公司債(簡稱：弘塑二，代碼：31312)發行公司行使債券贖回權暨訂於115年09月21日終止櫃檯買賣等相關事宜。 Yahoo股市 首頁 新聞 股市 運動 TV 汽機車 購物中心 拍賣 氣象 App 下載 搜尋 登入 首頁 股市VIP 自選股 台股行情 智慧選股 期權 國際金融 新聞 AI 事件整理 房地產 投資新手村 基金 銀行服務 首頁 社群爆紅榜 Yahoo財經特派記者 Yahoo財經大人物 財經專輯 股市VIP 智慧選股 個股比較 ETF,existing_alert_preserved,https://tw.stock.yahoo.com/news/%E5%85%AC%E5%91%8A-%E5%BC%98%E5%A1%91%E8%82%A1%E4%BB%BD%E6%9C%89%E9%99%90%E5%85%AC%E5%8F%B8%E5%9C%8B%E5%85%A7%E7%AC%AC%E4%BA%8C%E6%AC%A1%E7%84%A1%E6%93%94%E4%BF%9D%E8%BD%89%E6%8F%9B%E5%85%AC%E5%8F%B8%E5%82%B5-%E7%B0%A1%E7%A8%B1-%E5%BC%98%E5%A1%91%E4%BA%8C-%E4%BB%A3%E7%A2%BC-103641863.html,kept_existing
2026-09-20T00:08:27.772631+08:00,31352,凌航二,3135,凌航科技股份有限公司,existing_alert_preserved,yahoo_news_confirmed_redemption,https://tw.stock.yahoo.com/news/%E7%A7%91%E5%B6%A0-9-18%E8%B5%B7%E7%B5%82%E6%AD%A2%E6%AB%83%E6%AA%AF%E8%B2%B7%E8%B3%A3-002200787.html,kept_existing_alert,kept_existing_alert_not_removed_without_official_cancellation,「科嶠一」9/18起終止櫃檯買賣 「科嶠一」9/18起終止櫃檯買賣 Yahoo股市 首頁 新聞 股市 運動 TV 汽機車 購物中心 拍賣 氣象 App 下載 搜尋 登入 首頁 股市VIP 自選股 台股行情 智慧選股 期權 國際金融 新聞 房地產 投資新手村 基金 銀行服務 首頁 社群爆紅榜 Yahoo財經特派記者 Yahoo財經大人物 財經專輯 股市VIP 智慧選股 個股比較 ETF 比較 台股行事曆 個股估價 新版個股健診 自選股 台股行情 大盤 類股 ETF專區 法人進出 成交比重 資券餘額 台股行事曆 漲幅排行 跌幅排行 成交量排行 外資買超排行 外資賣超排行 更多熱門排行 社群爆紅榜 智慧選股 期權 台指期貨 指數選擇權 未平倉數 ｜期貨停看聽｜ 國際金融 國際指數 外匯 美股 港股 滬深股 原物料 ADR 加密貨幣 新聞 台股盤勢 ETF 美股 陸港股 黃金 外匯 個人理財 民生景氣 ESG 財經雜誌 Yahoo財經特派 ｜基金聰明挑｜ ｜創新望遠鏡｜ 房地產 房產新聞 買房必知 買房財之道 好宅報報 房價狙擊手 小編賞屋去 裝潢佈置 居家風水 ｜住火險試算｜ 投資新手村 Yahoo早盤 Hot台股 Follow法人 Yahoo財經掃描 投資診聊室 盤點概念股 看圖說股市 投資早知道 基金 國內基金 境外基金 績效排行 基金篩選 我的基金 銀行服務 匯率換算 外幣投資 ATM轉帳 保險試算 更多 台股類股查詢 升級VIP 打開App 首頁 股市VIP 自選股 台股行情 智慧選股 期權 國際金融 新聞 房地產 投資新手村 基金 銀行服務 首頁 社群爆紅榜 Yahoo財經特派記者 Yahoo財經大人物 財經專輯 股市VIP 智慧選股 個股比較 ETF 比較 台股行事曆 個股估價 新版個股健診 自選股 台股行情 大盤 類股 ETF專區 法人進出 成交比重 資券餘額 台股行事曆 漲幅排行 跌幅排行 成交量排行 外資買超排行 外資賣超排行 更多熱門排行 社群爆紅榜 智慧選股 期權 台指期貨 指數選擇權 未平倉數 ｜期貨停看聽｜ 國際金融 國際指數 外匯 美股 港股 滬深股 原物料 ADR 加密貨幣 新聞 台股盤勢 ETF 美股 陸港股 黃金 外匯 個人理財 民生景氣 ESG 財經雜誌 Yahoo財經特派 ｜基金聰明挑｜ ｜創新望遠鏡｜ 房地產 房產新聞 買房必知 買房財之道 好宅報報 房價狙擊手 小編賞屋去 裝潢佈置 居家風水 ｜住火險試算｜ 投資新手村 Yahoo早盤 Hot台股 Follow法人 Yahoo財經掃描 投資診聊室 盤點概念股 看圖說股市 投資早知道 基金 國內基金 境外基金 績效排行 基金篩選 我的基金 銀行服務 匯率換算 外幣投資 ATM轉帳 保險試算 更多 廣告 「科嶠一」9/18起終止櫃檯買賣 Moneydj理財網 2026年7月26日週日 下午7:22 加入為 Google 偏好來源 （另開新視窗） 將 Yahoo 加入 Google 優先推薦來源 將 Yahoo 設為首選來源，在 Google 上查看更多我們的精彩報導 加入首選來源 （另開新視窗） 公告科嶠工業股份有限公司國內第一次無擔保轉換公司債（債券簡稱：科嶠一；代號：45421）因發行公司行使贖回權，訂於115年9月18日終止櫃檯買賣。 延伸閱讀： 《DJ在線》Intel上修資本支出 設備耗材供應鏈進補 科嶠 公告科嶠股份有限公司國內第一次無擔保轉換公司債(簡稱：科嶠一，代碼：45421)發行公司行使債券贖回權暨訂於115年09月18日終止櫃檯買賣等相... 資料來源- MoneyDJ理財網 檢視留言 登入後即可張貼留言。 廣告 熱門留言 熱門留言 最新留言 最近議題 最多評論 舊到新 暫無留言 相關內容 【公告】凌航科技股份有限公司國內第二次無擔保(例：第一次有擔保)轉(交)換公司債(簡稱：凌航二，代碼：31352)停止受理轉交換等相關事項。 日 期：2026年08月06日公司名稱：凌航(3135)主 旨：凌航科技股份有限公司國內第二次無擔保(例：第一次有擔保)轉(交)換公司債(簡稱：凌航二，代碼：31352,existing_alert_preserved,https://tw.stock.yahoo.com/news/%E7%A7%91%E5%B6%A0-9-18%E8%B5%B7%E7%B5%82%E6%AD%A2%E6%AB%83%E6%AA%AF%E8%B2%B7%E8%B3%A3-002200787.html,kept_existing
2026-09-20T00:08:27.772683+08:00,31672,大量二,3167,大量科技股份有限公司,existing_alert_preserved,yahoo_news_confirmed_redemption,https://tw.stock.yahoo.com/news/%E5%85%AC%E5%91%8A-%E5%A4%A7%E9%87%8F%E8%82%A1%E4%BB%BD%E6%9C%89%E9%99%90%E5%85%AC%E5%8F%B8%E5%9C%8B%E5%85%A7%E7%AC%AC%E4%BA%8C%E6%AC%A1%E7%84%A1%E6%93%94%E4%BF%9D%E8%BD%89%E6%8F%9B%E5%85%AC%E5%8F%B8%E5%82%B5%E8%BD%89%E6%8F%9B%E5%85%AC%E5%8F%B8%E5%82%B5-%E7%B0%A1%E7%A8%B1-%E5%A4%A7%E9%87%8F%E4%BA%8C-%E4%BB%A3%E7%A2%BC-065555768.html,kept_existing_alert,kept_existing_alert_not_removed_without_official_cancellation,【公告】大量股份有限公司國內第二次無擔保轉換公司債轉換公司債(簡稱：大量二，代碼：31672)發行公司行使債券贖回權暨訂於115年10月01日終止櫃檯買賣等相關事宜。 【公告】大量股份有限公司國內第二次無擔保轉換公司債轉換公司債(簡稱：大量二，代碼：31672)發行公司行使債券贖回權暨訂於115年10月01日終止櫃檯買賣等相關事宜。 Yahoo股市 首頁 新聞 股市 運動 TV 汽機車 購物中心 拍賣 氣象 App 下載 搜尋 登入 首頁 股市VIP 自選股 台股行情 智慧選股 期權 國際金融 新聞 AI 事件整理 房地產 投資新手村 基金 銀行服務 首頁 社群爆紅榜 Yahoo財經特派記者 Yahoo財經大人物 財經專輯 股市VIP 智慧選股 個股比較,existing_alert_preserved,https://tw.stock.yahoo.com/news/%E5%85%AC%E5%91%8A-%E5%A4%A7%E9%87%8F%E8%82%A1%E4%BB%BD%E6%9C%89%E9%99%90%E5%85%AC%E5%8F%B8%E5%9C%8B%E5%85%A7%E7%AC%AC%E4%BA%8C%E6%AC%A1%E7%84%A1%E6%93%94%E4%BF%9D%E8%BD%89%E6%8F%9B%E5%85%AC%E5%8F%B8%E5%82%B5%E8%BD%89%E6%8F%9B%E5%85%AC%E5%8F%B8%E5%82%B5-%E7%B0%A1%E7%A8%B1-%E5%A4%A7%E9%87%8F%E4%BA%8C-%E4%BB%A3%E7%A2%BC-065555768.html,kept_existing
2026-09-20T00:08:27.772741+08:00,33055,昇貿五,3305,昇貿科技股份有限公司,existing_alert_preserved,yahoo_news_confirmed_redemption,https://tw.stock.yahoo.com/news/%E5%85%AC%E5%91%8A-%E6%98%87%E8%B2%BF%E8%82%A1%E4%BB%BD%E6%9C%89%E9%99%90%E5%85%AC%E5%8F%B8%E5%9C%8B%E5%85%A7%E7%AC%AC%E4%BA%94%E6%AC%A1%E7%84%A1%E6%93%94%E4%BF%9D%E8%BD%89%E6%8F%9B%E5%85%AC%E5%8F%B8%E5%82%B5-%E7%B0%A1%E7%A8%B1-%E6%98%87%E8%B2%BF%E4%BA%94-%E4%BB%A3%E7%A2%BC-075422790.html,kept_existing_alert,kept_existing_alert_not_removed_without_official_cancellation,【公告】昇貿股份有限公司國內第五次無擔保轉換公司債(簡稱：昇貿五，代碼：33055)發行公司行使債券贖回權暨訂於115年09月17日終止櫃檯買賣等相關事宜。 【公告】昇貿股份有限公司國內第五次無擔保轉換公司債(簡稱：昇貿五，代碼：33055)發行公司行使債券贖回權暨訂於115年09月17日終止櫃檯買賣等相關事宜。 Yahoo股市 首頁 新聞 股市 運動 TV 汽機車 購物中心 拍賣 氣象 App 下載 搜尋 登入 首頁 股市VIP 自選股 台股行情 智慧選股 期權 國際金融 新聞 AI 事件整理 房地產 投資新手村 基金 銀行服務 首頁 社群爆紅榜 Yahoo財經特派記者 Yahoo財經大人物 財經專輯 股市VIP 智慧選股 個股比較 ETF,existing_alert_preserved,https://tw.stock.yahoo.com/news/%E5%85%AC%E5%91%8A-%E6%98%87%E8%B2%BF%E8%82%A1%E4%BB%BD%E6%9C%89%E9%99%90%E5%85%AC%E5%8F%B8%E5%9C%8B%E5%85%A7%E7%AC%AC%E4%BA%94%E6%AC%A1%E7%84%A1%E6%93%94%E4%BF%9D%E8%BD%89%E6%8F%9B%E5%85%AC%E5%8F%B8%E5%82%B5-%E7%B0%A1%E7%A8%B1-%E6%98%87%E8%B2%BF%E4%BA%94-%E4%BB%A3%E7%A2%BC-075422790.html,kept_existing
2026-09-20T00:08:27.772797+08:00,36894,湧德四,3689,湧德電子股份有限公司,existing_alert_preserved,yahoo_news_confirmed_redemption,https://tw.stock.yahoo.com/news/%E5%85%AC%E5%91%8A-%E6%B9%A7%E5%BE%B7%E8%82%A1%E4%BB%BD%E6%9C%89%E9%99%90%E5%85%AC%E5%8F%B8%E5%9C%8B%E5%85%A7%E7%AC%AC%E5%9B%9B%E6%AC%A1%E7%84%A1%E6%93%94%E4%BF%9D%E5%85%AC%E5%8F%B8%E5%82%B5%E8%BD%89%E6%8F%9B%E5%85%AC%E5%8F%B8%E5%82%B5-%E7%B0%A1%E7%A8%B1-%E6%B9%A7%E5%BE%B7%E5%9B%9B-%E4%BB%A3%E7%A2%BC-082704979.html,kept_existing_alert,kept_existing_alert_not_removed_without_official_cancellation,【公告】湧德股份有限公司國內第四次無擔保公司債轉換公司債(簡稱：湧德四，代碼：36894)發行公司行使債券贖回權暨訂於115年10月01日終止櫃檯買賣等相關事宜。 【公告】湧德股份有限公司國內第四次無擔保公司債轉換公司債(簡稱：湧德四，代碼：36894)發行公司行使債券贖回權暨訂於115年10月01日終止櫃檯買賣等相關事宜。 Yahoo股市 首頁 新聞 股市 運動 TV 汽機車 購物中心 拍賣 氣象 App 下載 搜尋 登入 首頁 股市VIP 自選股 台股行情 智慧選股 期權 國際金融 新聞 房地產 投資新手村 基金 銀行服務 首頁 社群爆紅榜 Yahoo財經特派記者 Yahoo財經大人物 財經專輯 股市VIP 智慧選股 個股比較 ETF 比較 台股,existing_alert_preserved,https://tw.stock.yahoo.com/news/%E5%85%AC%E5%91%8A-%E6%B9%A7%E5%BE%B7%E8%82%A1%E4%BB%BD%E6%9C%89%E9%99%90%E5%85%AC%E5%8F%B8%E5%9C%8B%E5%85%A7%E7%AC%AC%E5%9B%9B%E6%AC%A1%E7%84%A1%E6%93%94%E4%BF%9D%E5%85%AC%E5%8F%B8%E5%82%B5%E8%BD%89%E6%8F%9B%E5%85%AC%E5%8F%B8%E5%82%B5-%E7%B0%A1%E7%A8%B1-%E6%B9%A7%E5%BE%B7%E5%9B%9B-%E4%BB%A3%E7%A2%BC-082704979.html,kept_existing
2026-09-20T00:08:27.772854+08:00,45421,科嶠一,4542,科嶠工業股份有限公司,existing_alert_preserved,yahoo_news_confirmed_redemption,https://tw.stock.yahoo.com/news/%E5%85%AC%E5%91%8A-%E7%A7%91%E5%B6%A0%E8%82%A1%E4%BB%BD%E6%9C%89%E9%99%90%E5%85%AC%E5%8F%B8%E5%9C%8B%E5%85%A7%E7%AC%AC-%E6%AC%A1%E7%84%A1%E6%93%94%E4%BF%9D%E8%BD%89%E6%8F%9B%E5%85%AC%E5%8F%B8%E5%82%B5-%E7%B0%A1%E7%A8%B1-%E7%A7%91%E5%B6%A0-080237221.html,kept_existing_alert,kept_existing_alert_not_removed_without_official_cancellation,【公告】科嶠股份有限公司國內第一次無擔保轉換公司債(簡稱：科嶠一，代碼：45421)發行公司行使債券贖回權暨訂於115年09月18日終止櫃檯買賣等相關事宜。 【公告】科嶠股份有限公司國內第一次無擔保轉換公司債(簡稱：科嶠一，代碼：45421)發行公司行使債券贖回權暨訂於115年09月18日終止櫃檯買賣等相關事宜。 Yahoo股市 首頁 新聞 股市 運動 TV 汽機車 購物中心 拍賣 氣象 App 下載 搜尋 登入 首頁 股市VIP 自選股 台股行情 智慧選股 期權 國際金融 新聞 AI 事件整理 房地產 投資新手村 基金 銀行服務 首頁 社群爆紅榜 Yahoo財經特派記者 Yahoo財經大人物 財經專輯 股市VIP 智慧選股 個股比較 ETF,existing_alert_preserved,https://tw.stock.yahoo.com/news/%E5%85%AC%E5%91%8A-%E7%A7%91%E5%B6%A0%E8%82%A1%E4%BB%BD%E6%9C%89%E9%99%90%E5%85%AC%E5%8F%B8%E5%9C%8B%E5%85%A7%E7%AC%AC-%E6%AC%A1%E7%84%A1%E6%93%94%E4%BF%9D%E8%BD%89%E6%8F%9B%E5%85%AC%E5%8F%B8%E5%82%B5-%E7%B0%A1%E7%A8%B1-%E7%A7%91%E5%B6%A0-080237221.html,kept_existing
2026-09-20T00:08:27.772999+08:00,629010,良維十,6290,良維科技股份有限公司,existing_alert_preserved,yahoo_news_confirmed_redemption,https://tw.stock.yahoo.com/news/%E5%85%AC%E5%91%8A-%E8%89%AF%E7%B6%AD%E5%9C%8B%E5%85%A7%E7%AC%AC%E5%8D%81%E6%AC%A1%E7%84%A1%E6%93%94%E4%BF%9D%E8%BD%89%E6%8F%9B%E5%85%AC%E5%8F%B8%E5%82%B5-%E8%89%AF%E7%B6%AD%E5%8D%81-%E5%82%B5%E5%88%B8%E4%BB%A3%E8%99%9F-62910-085918754.html,kept_existing_alert,kept_existing_alert_not_removed_without_official_cancellation,"【公告】良維國內第十次無擔保轉換公司債(良維十；債券代號：62910)行使贖回權及終止櫃檯買賣事宜 【公告】良維國內第十次無擔保轉換公司債(良維十；債券代號：62910)行使贖回權及終止櫃檯買賣事宜 Yahoo股市 首頁 新聞 股市 運動 TV 汽機車 購物中心 拍賣 氣象 App 下載 搜尋 登入 首頁 股市VIP 自選股 台股行情 智慧選股 期權 國際金融 新聞 AI 事件整理 房地產 投資新手村 基金 銀行服務 首頁 社群爆紅榜 Yahoo財經特派記者 Yahoo財經大人物 財經專輯 股市VIP 智慧選股 個股比較 ETF 比較 台股行事曆 個股估價 新版個股健診 自選股 台股行情 大盤 類股 ETF專區 法人進出 成交比重 資券餘額 台股行事曆 漲幅排行 跌幅排行 成交量排行 外資買超排行 外資賣超排行 更多熱門排行 社群爆紅榜 智慧選股 期權 台指期貨 指數選擇權 未平倉數 ｜期貨停看聽｜ 國際金融 國際指數 外匯 美股 港股 滬深股 原物料 ADR 加密貨幣 新聞 台股盤勢 ETF 美股 陸港股 黃金 外匯 個人理財 民生景氣 ESG 財經雜誌 Yahoo財經特派 ｜基金聰明挑｜ ｜創新望遠鏡｜ AI 事件整理 房地產 房產新聞 買房必知 買房財之道 好宅報報 房價狙擊手 小編賞屋去 裝潢佈置 居家風水 ｜住火險試算｜ 投資新手村 Yahoo早盤 Hot台股 Follow法人 Yahoo財經掃描 投資診聊室 盤點概念股 看圖說股市 投資早知道 基金 國內基金 境外基金 績效排行 基金篩選 我的基金 銀行服務 匯率換算 外幣投資 ATM轉帳 保險試算 更多 台股類股查詢 升級VIP 打開App 首頁 股市VIP 自選股 台股行情 智慧選股 期權 國際金融 新聞 AI 事件整理 房地產 投資新手村 基金 銀行服務 首頁 社群爆紅榜 Yahoo財經特派記者 Yahoo財經大人物 財經專輯 股市VIP 智慧選股 個股比較 ETF 比較 台股行事曆 個股估價 新版個股健診 自選股 台股行情 大盤 類股 ETF專區 法人進出 成交比重 資券餘額 台股行事曆 漲幅排行 跌幅排行 成交量排行 外資買超排行 外資賣超排行 更多熱門排行 社群爆紅榜 智慧選股 期權 台指期貨 指數選擇權 未平倉數 ｜期貨停看聽｜ 國際金融 國際指數 外匯 美股 港股 滬深股 原物料 ADR 加密貨幣 新聞 台股盤勢 ETF 美股 陸港股 黃金 外匯 個人理財 民生景氣 ESG 財經雜誌 Yahoo財經特派 ｜基金聰明挑｜ ｜創新望遠鏡｜ AI 事件整理 房地產 房產新聞 買房必知 買房財之道 好宅報報 房價狙擊手 小編賞屋去 裝潢佈置 居家風水 ｜住火險試算｜ 投資新手村 Yahoo早盤 Hot台股 Follow法人 Yahoo財經掃描 投資診聊室 盤點概念股 看圖說股市 投資早知道 基金 國內基金 境外基金 績效排行 基金篩選 我的基金 銀行服務 匯率換算 外幣投資 ATM轉帳 保險試算 更多 廣告 【公告】良維國內第十次無擔保轉換公司債(良維十；債券代號：62910)行使贖回權及終止櫃檯買賣事宜 中央社 2026年8月7日週五 上午1:59 加入為 Google 偏好來源 （另開新視窗） 將 Yahoo 加入 Google 優先推薦來源 將 Yahoo 設為首選來源，在 Google 上查看更多我們的精彩報導 加入首選來源 （另開新視窗） 良維 6290.TWO 270.0 ( 9.98% ) 日 期：2026年08月07日 公司名稱：良維 (6290) 主 旨：良維國內第十次無擔保轉換公司債(良維十；債券代號：62910)行使贖回權及終止櫃檯買賣事宜 發言人：李博宇 說 明： 1.事實發生日:115/08/07 2.公司名稱:良維科技股份有限公司 3.與公司關係(請輸入本公司或子公司):本公司 4.相互持股比例:不適用 5.發生緣由: 依本公司發行之國內第十次無擔保轉換公司債發行及轉換辦法第十八條規定， 廣告 廣告 若本公司債流通在外餘額低於原發行總額之10%，本公司得執行對本公司債之 贖回權。 6.因應措施: 債券收回期間：115年9月1日起至115年9月30日止 轉換公司債收回基準日：115年9月30日 轉換公司債終止櫃檯買賣日期：115年10月1日 7.其他應敘明事項(若事件發生或決議之主體係屬公開發行以上公司， 本則重大訊息同時符合證券交易法施行細則第7條第9款所定 對股東權益或證券價格有重大影響之事項): 本轉換公司債收回程序：因本轉換公司債採無實體發行，債權人可於受理開始日前一個 營業日(115年8月31日)起至收回截止日之前一個營業日(115年9月29日)止攜帶集保帳戶 印鑑及證券存摺直接至原交易券商處申請辦理債券收回手續，由交易券商向集保公司 提出申請，集保公司於接受申請後送交本公司股務代理機構(於送達時即生效力)。 本公司按債券面額以現金收回其全部債券，每張債券收回價格為新臺幣100,000元 並統一於115年10月7日以匯款或單掛號郵寄支票方式並扣除匯款處理費或支票處理費 (含郵資)後予各申請人。 本公司股務代理機構：中國信託商業銀行代理部 地址：台北市重慶南路一段83號5樓 電話：02-66365566 若債券持有人未於前項受理收回期間申請辦理債券收回手續，本公司基準日後 五個營業日內，將債權人所持有之本轉換公司債按面額以現金收回。 檢視留言 登入後即可張貼留言。 廣告 熱門留言 熱門留言 最新留言 最近議題 最多評論 舊到新 暫無留言 相關內容 緯穎除權「1張變3張」股價反連跌2日？ 陳重銘：還是買媽媽吧 AI伺服器大廠緯穎（6669）近日進行除權交易，每股配發19.83元股票股利，原本持有1張股票的投資人，除權後「1張變近3張」；不過除權後股價不升反降、連跌2日，對此「不敗教主」陳重銘表示，這是投資人拿到一堆配股所造成的賣壓。 EBC東森財經新聞 ・ 14 小時前 ・ 4 則留言 殖利率飆高全中招！ 阮慕驊：資金悄悄轉移「這類股」 近期長天期公債殖利率衝高，折現率變動讓獲利集中於未來的科技股首當其衝受壓，財經專家阮慕驊表示，資金已悄悄轉向以當期利息為主的金融族群，投資人應重新檢視資產曝險。 EBC東森財經新聞 ・ 13 小時前 ・ 3 則留言 配息大漲38%！「國家隊」豪砸2.2億瘋搶這檔ETF破6千張 另布局6800張009828爭買超亞軍 [FTNN新聞網]記者陳思穎／綜合報導美股四大指數周三全面收漲，不過台股昨（3）日卻開高走低，終場收45857.66點，下跌307.06點，跌幅0.67%，成交額9488.16億元... FTNN新聞網 ・ 18 小時前 ・ 發表留言 被朋友笑「債蛙」！他買00919＋00892近1年半不離場 內行曝真相：穩領息本來就沒毛病 [FTNN新聞網]實習記者鄭巧薰／綜合報導近年投資市場波動加劇，不少投資人除了布局股票型ETF，也會將部分資金放在債券，藉此取得相對穩定的現金流。近日，有網... FTNN新聞網 ・ 1 天前 ・ 1 則留言 【公告】世紀*現金股利除息基準日及調整配股率等相關事宜 日 期：2026年09月04日公司名稱：世紀*(5314)主 旨：世紀*現金股利除息基準日及調整配股率等相關事宜發言人：張碩文說 明：1.董事會、股東會決議或公司決定日期:115/09/042.除權、息類別（請填入「除權」、「除息」或「除權息」）:除息3.發放普通股股利種類及金額:現金股利新台幣58,400,000元，每股配發新臺幣0.04852674元。4.除權（息）交易日:115/09/215.最後過戶日:115/09/226.停止過戶起始日期:115/09/237.停止過戶截止日期:115/09/278.除權（息）基準日:115/09/279.債券最後申請轉換日期:不適用。10.債券停止轉換起始日期:不適用。11.債券停止轉換截止日期:不適用。12.普通股現金股利發放日期:115/10/1313.現金股利之一部或全部是否以外幣發放(請填入「是」或「否」):否14.外幣現金股利發放幣別:不適用。15.外幣現金股利發放對象:不適用。16.外幣現金股利匯率決定方式:不適用。17.其他應敘明事項:(1)115年3月30日董事會決議通過發放現金股利新台幣58,400,000元，每股配發0. 中央社財經 ・ 9 小時前 ・ 發表留言 威剛 公告本公司發行國內第九次無擔保轉換公司債代收價款及存儲專戶行庫 公開資訊觀測站重大訊息公告(3260)威剛-公告本公司發行國內第九次無擔保轉換公司債代收價款及存儲專戶行庫1.事實發生日:115/09/042.公司名稱:威剛科技股份有限公司3.與公司關係(請輸入本公司或子公司):本公司4.相互持股比例:不適用5.發生緣由:依據「發行人募集與發行有價證券處理準則」第九條第一項第二款規定辦理。6.因應措施:無7.其他應敘明事項(若事件發生或決議之主體係屬公開發行以上公司，本則重大訊息同時符合證券交易法施行細則第7條第9款所定對股東權益或證券價格有重大影響之事項):(1)訂約日期:民國115年09月04日。(2)委託代收價款行庫:第一商業銀行新湖分行。(3)委託存儲專戶行庫:兆豐國際商業銀行永和分行。延伸閱讀：9/4櫃買市場「盤中」零股交易成交股數前20名排行威剛訂9/21為上半年股息除息交易日、發放日10/23；調整配息率為每股18.00773559元 資料來源-MoneyDJ理財網 Moneydj理財網 ・ 9 小時前 ・ 發表留言 【公告】揚秦股份有限公司第一次無擔保轉換公司債(簡稱：揚秦一，代碼：27551)發行公司行使債券贖回權暨訂於115年11月02日終止櫃檯買賣等相關事宜。 日 期：2026年09月03日公司名稱：揚秦(2755)主 旨：揚秦股份有限公司第一次無擔保轉換公司債(簡稱：揚秦一，代碼：27551)發行公司行使債券贖回權暨訂於115年11月02日終止櫃檯買賣等相關事宜。發言人：蔡國憲說 明：內容：依揚秦一發行及轉換辦法第十八條規定辦理。發行公司於115年10月01日至115年10月30日行使債券贖回權，贖回權價格為債券面額之100.0000%(一)、依揚秦國際國內第一次無擔保轉換公司債發行及轉換辦法第十八條第一項規",existing_alert_preserved,https://tw.stock.yahoo.com/news/%E5%85%AC%E5%91%8A-%E8%89%AF%E7%B6%AD%E5%9C%8B%E5%85%A7%E7%AC%AC%E5%8D%81%E6%AC%A1%E7%84%A1%E6%93%94%E4%BF%9D%E8%BD%89%E6%8F%9B%E5%85%AC%E5%8F%B8%E5%82%B5-%E8%89%AF%E7%B6%AD%E5%8D%81-%E5%82%B5%E5%88%B8%E4%BB%A3%E8%99%9F-62910-085918754.html,kept_existing
2026-09-20T00:08:27.773062+08:00,64512,訊芯二KY,6451,訊芯科技控股股份有限公司,existing_alert_preserved,MOPS official announcement,https://mopsov.twse.com.tw/mops/web/ajax_t120sb23?TYPEK=otc&co_id=6451&date1=20260715&seq_no=1&pub_class=0&firstin=1,kept_existing_alert,kept_existing_alert_not_removed_without_official_cancellation,司債為上櫃買賣 公司代號： 6451 公司簡稱： 訊芯-KY 債券代碼： 64512 債券簡稱： 訊芯二KY 一、公告序號： 1 二、主旨： 公告訊芯-KY股份有限公司中華民國境內第二次無擔保轉換公司債(簡稱：訊芯二KY，代碼：64512)發行公司行使債券贖回權暨訂於115年09月14日終止櫃檯買賣等相關事宜。 三、依據： 依訊芯二KY發行及轉換辦法第二十一條規定辦理。 四、公告事項： 發行公司於 115/08/13 至 115/09/11 行使債券贖回權，贖回權價格為債券面額之 100.0000 %。 (一)本轉換公司債自發行滿三個月之翌日起(西元2025年5月28日)至到期日前四十日(西元2028 年1月18日)止，若本公司普通股之收盤價格連續三十個營業日超過當時轉換價格達百分之三十(含)以上時，本公司得於其後三十個營業日內，以掛號寄發一份三十日期滿之「債券收回通知書」(前述期間自本公司發信之,existing_alert_preserved,https://mopsov.twse.com.tw/mops/web/ajax_t120sb23?TYPEK=otc&co_id=6451&date1=20260715&seq_no=1&pub_class=0&firstin=1,kept_existing
2026-09-20T00:08:27.780163+08:00,65842,南俊國際二,6584,南俊國際股份有限公司,existing_alert_preserved,yahoo_news_confirmed_redemption,https://tw.stock.yahoo.com/news/%E5%8D%97%E4%BF%8A%E5%9C%8B%E9%9A%9B%E5%B0%87%E8%A1%8C%E4%BD%BF%E5%82%B5%E5%88%B8%E8%B4%96%E5%9B%9E%E6%AC%8A-8%E6%9C%8810%E6%97%A5cb%E7%B5%82%E6%AD%A2%E8%B2%B7%E8%B3%A3-010300083.html,kept_existing_alert,kept_existing_alert_until_delist_grace_period,"南俊國際將行使債券贖回權，8月10日CB終止買賣 南俊國際將行使債券贖回權，8月10日CB終止買賣 Yahoo股市 首頁 新聞 股市 運動 TV 汽機車 購物中心 拍賣 氣象 App 下載 搜尋 登入 首頁 股市VIP 自選股 台股行情 智慧選股 期權 國際金融 新聞 房地產 投資新手村 基金 銀行服務 首頁 社群爆紅榜 Yahoo財經特派記者 Yahoo財經大人物 財經專輯 股市VIP 智慧選股 個股比較 ETF 比較 台股行事曆 個股估價 新版個股健診 自選股 台股行情 大盤 類股 ETF專區 法人進出 成交比重 資券餘額 台股行事曆 漲幅排行 跌幅排行 成交量排行 外資買超排行 外資賣超排行 更多熱門排行 社群爆紅榜 智慧選股 期權 台指期貨 指數選擇權 未平倉數 ｜期貨停看聽｜ 國際金融 國際指數 外匯 美股 港股 滬深股 原物料 ADR 加密貨幣 新聞 台股盤勢 ETF 美股 陸港股 黃金 外匯 個人理財 民生景氣 ESG 財經雜誌 Yahoo財經特派 ｜基金聰明挑｜ ｜創新望遠鏡｜ 房地產 房產新聞 買房必知 買房財之道 好宅報報 房價狙擊手 小編賞屋去 裝潢佈置 居家風水 ｜住火險試算｜ 投資新手村 Yahoo早盤 Hot台股 Follow法人 Yahoo財經掃描 投資診聊室 盤點概念股 看圖說股市 投資早知道 基金 國內基金 境外基金 績效排行 基金篩選 我的基金 銀行服務 匯率換算 外幣投資 ATM轉帳 保險試算 更多 台股類股查詢 升級VIP 打開App 首頁 股市VIP 自選股 台股行情 智慧選股 期權 國際金融 新聞 房地產 投資新手村 基金 銀行服務 首頁 社群爆紅榜 Yahoo財經特派記者 Yahoo財經大人物 財經專輯 股市VIP 智慧選股 個股比較 ETF 比較 台股行事曆 個股估價 新版個股健診 自選股 台股行情 大盤 類股 ETF專區 法人進出 成交比重 資券餘額 台股行事曆 漲幅排行 跌幅排行 成交量排行 外資買超排行 外資賣超排行 更多熱門排行 社群爆紅榜 智慧選股 期權 台指期貨 指數選擇權 未平倉數 ｜期貨停看聽｜ 國際金融 國際指數 外匯 美股 港股 滬深股 原物料 ADR 加密貨幣 新聞 台股盤勢 ETF 美股 陸港股 黃金 外匯 個人理財 民生景氣 ESG 財經雜誌 Yahoo財經特派 ｜基金聰明挑｜ ｜創新望遠鏡｜ 房地產 房產新聞 買房必知 買房財之道 好宅報報 房價狙擊手 小編賞屋去 裝潢佈置 居家風水 ｜住火險試算｜ 投資新手村 Yahoo早盤 Hot台股 Follow法人 Yahoo財經掃描 投資診聊室 盤點概念股 看圖說股市 投資早知道 基金 國內基金 境外基金 績效排行 基金篩選 我的基金 銀行服務 匯率換算 外幣投資 ATM轉帳 保險試算 更多 廣告 南俊國際將行使債券贖回權，8月10日CB終止買賣 Moneydj理財網 2026年6月15日週一 下午6:03 加入為 Google 偏好來源 （另開新視窗） 將 Yahoo 加入 Google 優先推薦來源 將 Yahoo 設為首選來源，在 Google 上查看更多我們的精彩報導 加入首選來源 （另開新視窗） MoneyDJ新聞 2026-06-16 09:03:43 鄭盈芷 發佈 伺服器滑軌廠南俊國際(6584)去年初發行的可轉換公司債「南俊國際一」、「南俊國際二」轉換率都超過9成，尤其「南俊國際二」轉換比率更達99.47%，只剩16張未轉，南俊國際昨(15)日公告將行使債券贖回權，訂於今年8月10日終止「南俊國際一」、「南俊國際二」櫃檯買賣，如債券持有人不欲公司行使贖回權，擬請求轉換為普通股，最遲應於8月11日前至往來證券商辦理轉換手續。 廣告 廣告 「南俊國際一」、「南俊國際二」目前轉換價依序為177.5元、191.6元，而當普通股收盤價格連續30個營業日超過當時轉換價格達30%(含)者，公司就可強制贖回；南俊國際今年以來股價也隨著AI伺服器產業大好、業績暢旺而翻揚，4月下旬更一度突破800元，也帶動CB大幅轉換，目前CB雖然還有一年多才到期，不過有鑒於剩餘未轉張數不多，加上南俊國際今年規畫發行8億元「南俊國際三」，站在公司立場，期望能加速前兩次CB全數轉換。 至於3年期、8億元的的國內第三次無擔保轉換公司債則已經申報生效，預計可於Q3中旬前完成募資，主要係因應越南廠加碼投資規畫。 (圖片來源:資料庫) 延伸閱讀： 南俊國際8億CB申報生效，預計Q3中旬完成募資 科技巨擘掀現增潮？繼谷歌後 Meta傳也考慮跟進 資料來源- MoneyDJ理財網 檢視留言 登入後即可張貼留言。 廣告 熱門留言 熱門留言 最新留言 最近議題 最多評論 舊到新 暫無留言 相關內容 【公告】東鹼115年第二季合併財務報告業經董事會通過 日 期：2026年08月10日公司名稱：東鹼(1708)主 旨：東鹼115年第二季合併財務報告業經董事會通過發言人：朱經雲說 明：1.提報董事會或經董事會決議日期:115/08/102.審計委員會通過日期:115/08/103.財務報告或年度自結財務資訊報導期間起訖日期(XXX/XX/XX~XXX/XX/XX):115/01/01~115/06/304.1月1日累計至本期止營業收入(仟元):3,308,4195.1月1日累計至本期止營業毛利(毛損) (仟元):983,8046.1月1日累計至本期止營業利益(損失) (仟元):545,5847.1月1日累計至本期止稅前淨利(淨損) (仟元):624,3428.1月1日累計至本期止本期淨利(淨損) (仟元):492,8659.1月1日累計至本期止歸屬於母公司業主淨利(損) (仟元):492,86510.1月1日累計至本期止基本每股盈餘(損失) (元):1.9811.期末總資產(仟元):12,575,36812.期末總負債(仟元):4,956,97713.期末歸屬於母公司業主之權益(仟元):7,618,39114.其他應敘明事項:無 中央社財經 ・ 24 分鐘前 ・ 發表留言 【公告】寬魚國際董事會通過115年第二季合併財務報告 日 期：2026年08月10日公司名稱：寬魚國際(6101)主 旨：寬魚國際董事會通過115年第二季合併財務報告發言人：莊偉民說 明：1.提報董事會或經董事會決議日期:115/08/102.審計委員會通過日期:115/08/103.財務報告或年度自結財務資訊報導期間起訖日期(XXX/XX/XX~XXX/XX/XX):115/01/01~115/06/304.1月1日累計至本期止營業收入(仟元):987,8985.1月1日累計至本期止營業毛利(毛損) (仟元):152,3466.1月1日累計至本期止營業利益(損失) (仟元):103,3487.1月1日累計至本期止稅前淨利(淨損) (仟元):144,2928.1月1日累計至本期止本期淨利(淨損) (仟元):143,3559.1月1日累計至本期止歸屬於母公司業主淨利(損) (仟元):143,35510.1月1日累計至本期止基本每股盈餘(損失) (元):1.2511.期末總資產(仟元):1,994,39012.期末總負債(仟元):629,10613.期末歸屬於母公司業主之權益(仟元):1,365,28414.其他應敘明事項:無。 中央社財經 ・ 29 分鐘前 ・ 發表留言 【公告】尚凡*董事會決議115年第二季盈餘分配 日 期：2026年08月10日公司名稱：尚凡*(5278)主 旨：尚凡*董事會決議115年第二季盈餘分配發言人：張立說 明：1. 董事會決議日期：115/08/102. 股利所屬年(季)度：115年 第2季3. 股利所屬期間：115/04/01 至 115/06/304. 股東配發內容：(1)盈餘分配之現金股利(元/股)：0.30810707(2)法定盈餘公積發放之現金(元/股)：0(3)資本公積發放之現金(元/股)：0(4)股東配發之現金(股利)總金額(元)：90,347,161(5)盈餘轉增資配股(元/股)：0(6)法定盈餘公積轉增資配股(元/股)：0(7)資本公積轉增資配股(元/股)：0(8)股東配股總股數(股)：05. 其他應敘明事項：無6. 普通股每股面額欄位：新台幣1.0000元 中央社財經 ・ 26 分鐘前 ・ 發表留言 【Follow法人】外資買超517億元！狂掃群創4.8萬張 南亞科聯電也獲青睞 台股今（10）日45000點大關得而復失，三大法人聯手買超731.67億元，外資由賣轉買，買超517.15億元，呈由賣轉買。主要買超群創（3481）4.8萬張，另外也同步敲進亮燈漲停的記憶體雙雄南亞科（2408）、華邦電（2344）。證期雙照分析師翁偉捷指出，外資買盤今天明顯恢復，但後續仍要觀察能否持續回補，至少需連續3天買超，才能確認台股反彈力道是否具延續性。 Yahoo股市 ・ 1 小時前 ・ 5 則留言 對賭反1慘賠150億！老牌壽險驚傳下市「200萬保戶、股東怎麼辦？」接手下家換股數字曝光 三商美邦人壽（2867）在2020年初新冠疫情爆發時，因大量投資台灣50反1（00632R）失利，導致虧損超過150億元，該項投資重創了公司的財務體質，受此拖累，其資本適足率（RBC）長期無法達到200％法定標準，儘管大股東近年陸續注資超過200億元，依然難以根本解決資本缺口。 旺得富理財網 ・ 1 天前 ・ 5 則留言 台積電「買廠」傳聞炸鍋！友達、群創雙雙漲停 成交量齊爆逾20萬張 [FTNN新聞網]記者邱梓欣／綜合報導由於美股4大指數於上周五（7日）收紅，費半指數大漲2.56%，台指期上漲736點，以45033點作收，提前站上45K大關；再加上川普... FTNN新聞網 ・ 5 小時前 ・ 5 則留言 寶雅「一拆十」今恢復交易！開盤一字鎖漲停 近3萬張排隊等買 分析師看法出爐 美妝通路龍頭寶雅（5904）完成股票「一拆十」，今（10）日恢復上櫃交易，開盤直接一字鎖上漲停價79.2元，截至上午10點30分，超過2.9萬張排隊等買。此次寶雅股票面額由每股10元降至1元，等同一拆十，也讓投資人買進一張寶雅的門檻從拆分前約72萬元，大幅降至約7萬元左右，入手門檻明顯降低，恢復交易首日買氣爆棚。 Yahoo股市 ・ 7 小時前 ・ 14 則留言 【公告】弘裕董事會決議通過115年第2季合併財務報告 日 期：2026年08月10日公司名稱：弘裕(1474)主 旨：弘裕董事會決議通過115年第2季合併財務報告發言人：徐為芳說 明：1.提報董事會或經董事會決議日期:115/08/102.審計委員會通過日期:115/08/103.財務報告或年度自結財務資訊報導期間起訖日期(XXX/XX/XX~XXX/XX/XX):115/01/01~115/06/304.1月1日累計至本期止營業收入(仟元):1,370,3615.1月1日累計至本期止營業毛利(毛損) (仟元):142,9356.1月1日累計至本期止營業利益(損失) (仟元):-15,4947.1月1日累計至本期止稅前淨利(淨損) (仟元):7,6298.1月1日累計至本期止本期淨利(淨損) (仟元):7,6069.1月1日累計至本期止歸屬於母公司業主淨利(損) (仟元):9,32210.1月1日累計至本期止基本每股盈餘(損失) (元):0.0711.期末總資產(仟元):3,771,73312.期末總負債(仟元):1,572,79213.期末歸屬於母公司業主之權益(仟元):2,182,14014.其他應敘明事項:無。 中央社財經 ・ 28 分鐘前 ・ 發表留言 寶雅一拆十首日飆漲停！拆股後這項獲利關鍵更值得留意… 一、寶雅一拆十正式上路 新股首日買盤爆量 寶雅 (5904-TW) 今（10）日完成股票面額「一拆十」，新股恢復上櫃交易後開盤即鎖漲停，股價來到 79.2 元，盤中更有逾 3 萬張買單排隊，市場資金明顯湧入。隨著持有門檻從約 72 萬元降至約 7 萬元，寶雅一 鉅亨網 ・ 2 小時前 ・ 發表留言 不只華邦電、南亞科！這檔「AI儲存指標大廠」成直接受惠股：全年EPS估飆破400元 AI應用快速擴張，從聊天機器人、企業AI到雲端資料中心，都需要儲存越來越大量的資料。龍頭金控旗下投顧最新產業報告指出，這波成長不只是帶動記憶體需求增加，更推動高容量SSD與企業級儲存設備升級，記憶體產業正進入新一輪成長循環。 旺得富理財網 ・ 3 小時前 ・ 發表留言 【公告】國巨*115年7月自結合併營收 日 期：2026年08月10日公司名稱：國巨*(2327)主 旨：國巨*115年7月自結合併營收發言人：張天成說 明：1.事實發生日:115/08/102.公司名稱:國巨股份有限公司3.與公司關係(請輸入本公司或子公司):本公司4.相互持股比例:不適用5.發生緣由: 國巨公司今日公布 2026 年 7 月份自結合併營收為 NT$ 161.31 億元，單月營收較上月增加 5.0%，較去年同期增加 51.5%，再創下單月營收歷史新高(若以美元換算，單月營收較上月增加 3.3%，較去年同期增加 39.0% )；累計1-7 月自結合併營收為NT$ 987.53 億元，較去年同期增加 32.5% (若以美元換算，較去年同期增加31.7% )。7 月份合併營收較上月增加，主要受惠於AI相關應用需求持續強勁，標準品及特殊品亦呈現穩定成長，各個產品應用也溫和成長。展望未來，隨著 AI 應用需求持續成長，電子元件產業正迎來結構性轉變，公司將持續密切關注相關發展。儘管地緣政治情勢仍存在不確定性，但客戶庫存水位目前仍維持健康，公司將審慎因應經濟環境變化，並彈性調整以降低關稅政策及匯率波動帶來的影響。6.因應 中央社財經 ・ 1 小時前 ・ 1 則留言 政府發錢了！每月補助5000連給18年「年燒2000億補貼特定族群」1類人看完直接氣炸：根本拿血汗錢送人 政府預計將在2027年1月正式上路「0到18歲成長津貼」，每人每月可獲5,000元的補助，總統賴清德於總統府官網宣布，該政策經費已編入中央政府總預算，旨在全面減輕家長的育兒負擔。 旺得富理財網 ・ 1 天前 ・ 41 則留言 記憶體股大噴出！華邦電、力成一字鎖漲停「背後竟是MSCI大布局」不當落選遺珠？投顧大推3檔呼聲最高 受到MSCI成分股卡位潮、AI與高效能運算需求升溫，以及DRAM與NANDFlash報價看漲激勵，華邦電（2344）、力成（6239）等指標股強勢攻上漲停，掀起全面走揚的漲停潮，記憶體類股指數盤中大漲8.41％，高居台股各類股漲幅前茅。 旺得富理財網 ・ 2 小時前 ・ 發表留言 記憶體賺翻了！「工控記憶體大廠」Q2大賺逾10股本、H1EPS達166.45元 7月營收續旺再迎年月雙增 [FTNN新聞網]記者王凱暄／綜合報導工控記憶體大廠宜鼎（5289）近日公布Q2財報，其中，第2季合併營收達224.43億元，季增70.24%、年增641.09%，毛利率65.01%、... FTNN新聞網 ・ 1 天前 ・ 5 則留言 連2季賺逾1個股本！「記憶體大廠」H1EPS衝20.87元 股價卻殺至跌停鎖死 [FTNN新聞網]記者王凱暄／綜合報導記憶體模組廠凌航（3135）6日公布Q2財報，其中上半年累積營收達112.62億元、營業毛利25.18億元、營業利益22.86億元、稅後淨... FTNN新聞網 ・ 1 天前 ・ 5 則留言 批南韓佔盡便宜 李在明對台惡劣 謝金河：我們不能一直挨打 8月適逢上市上櫃公司密集公布半年報，財經專家謝金河表示，這是一張非常漂亮的成績單。」台灣上半年GDP大漲13.72%創半世紀新高，遠超中韓；台美貿易順差破千億，電子零組件更讓中國極度依賴。 EBC東森財經新聞 ・ 7 小時前 ・ 27 則留言 老AI單周暴漲30％！法人喊3字頭神級目標價「誰是下一個緯創？」仁寶呼聲最高 另有3檔準備接棒飆股傳奇 AI代工大廠緯創（3231）近期隨AI股反彈波段表現強勢，單周漲幅一度逼近3成，約28.78％至近30％，近期股價盤中高點來到202.5元改寫波段新高；法人報告指出，預估緯創2027年每股純益（EPS）有機會超過20元以上水準，並將目標價調升至240元至243元。 旺得富理財網 ・ 10 小時前 ・ 發表留言 證期局：8/10聚賢研發-創轉換公司債等預計申報生效案件彙總表 代號 名稱 承銷商 案件類別 金額(元) 幣別 發行價格 7631 聚賢研發-創 宏遠證券 轉換公司債(無擔保) 400,000,000 台幣 6533 晶心科技 富邦證券 現金增資 68,000,000 169 7728 光焱科技 盈餘轉增資 1,385,410 9906 欣巴巴事業 盈餘轉增資 7,669,560 (資料來源：金融監督管理委員會證券期貨局)延伸閱讀：證交所、櫃買中心8/6公告注意有價證券名單AI效能競爭轉向系統整合 SEMICON Taiwan聚焦三大技術 資料來源-MoneyDJ理財網 Moneydj理財網 ・ 6 小時前 ・ 發表留言 一表看》沒有0056！台股7月重挫「7檔高股息ETF還賺錢」 00939漲4.94％奪冠、第二名是它 台股經歷7月震撼教育，單月重挫5.91%，市值型ETF全數負報酬，但高股息ETF卻展現韌性。理財達人稀飯整理25檔高股息ETF，發現竟然有7檔抗跌繳出正報酬。其中統一台灣高息動能(00939)單月上漲4.94%奪冠，今年含息報酬率更高達56.14%；永豐優息存股(00907)憑藉超過四成金融股配置，「避開科技股震盪」，以單月上漲4.75%位居第二。 旺得富理財網 ・ 3 小時前 ・ 發表留言 【公告】湧德股份有限公司國內第四次無擔保公司債轉換公司債(簡稱：湧德四，代碼：36894)發行公司行使債券贖回權暨訂於115年10月01日終止櫃檯買賣等相關事宜。 日 期：2026年08月10日公司名稱：湧德(3689)主 旨：湧德股份有限公司國內第四次無擔保公司債轉換公司債(簡稱：湧德四，代碼：36894)發行公司行使債券贖回權暨訂於115年10月01日終止櫃檯買賣等相關事宜。發言人：李永銘說 明：內容：依湧德四發行及轉換辦法第17條規定辦理。發行公司於115年09月01日至115年09月30日行使債券贖回權，贖回權價格為債券面額之100.0000%一、依本公司國內第四次無擔保轉換公司債發行及轉換辦法第17條第1項規定，自發行日起滿三個月之翌日起(",existing_alert_preserved,https://tw.stock.yahoo.com/news/%E5%8D%97%E4%BF%8A%E5%9C%8B%E9%9A%9B%E5%B0%87%E8%A1%8C%E4%BD%BF%E5%82%B5%E5%88%B8%E8%B4%96%E5%9B%9E%E6%AC%8A-8%E6%9C%8810%E6%97%A5cb%E7%B5%82%E6%AD%A2%E8%B2%B7%E8%B3%A3-010300083.html,kept_existing
2026-09-20T00:08:27.780292+08:00,65843,南俊國際三,6584,南俊國際股份有限公司,existing_alert_preserved,public announcement,https://www.moneydj.com/KMDJ/search/searchHome.aspx?_Query_=%E5%8D%97%E4%BF%8A%E5%9C%8B%E9%9A%9B%E8%82%A1%E4%BB%BD%E6%9C%89%E9%99%90%E5%85%AC%E5%8F%B8,kept_existing_alert,kept_existing_alert_not_removed_without_official_cancellation,「南俊國際三」7/2起在證券商營業處所買賣 2026-06-23 17:21:20 南俊國際 公告本公司簽訂發行第三次無擔保轉換公司債代收股款行庫及存儲專戶 2026-06-17 08:19:34 「南俊國際一」、「南俊國際二」8/10起終止櫃檯買賣 2026-06-15 13:41:08 南俊國際 公告南俊國際股份有限公司國內第二次無擔保轉換公司債(簡稱：南俊國際二，代碼：65842)發行公司行使債券贖回權暨訂於115年08月10日終止... 2026-06-15 13:41:06 南俊國際 公告南俊國際股份有限公司國內第一次有擔保轉換公司債(簡稱：南俊國際一，代碼：65841)發行公司行使債券贖回權暨訂於115年08月10日終止... 2026-05-22 20:03:21 富威電力 公告本公司第二屆永續發展委員會委員 2026-05-22 20:03:18 富威電力 公告本公司第二屆審計委員會委員 2026-05-22 20:03:18 富威電力 公告本公司第二屆薪資報酬委員會委員 2026-05-22,existing_alert_preserved,https://www.moneydj.com/KMDJ/search/searchHome.aspx?_Query_=%E5%8D%97%E4%BF%8A%E5%9C%8B%E9%9A%9B%E8%82%A1%E4%BB%BD%E6%9C%89%E9%99%90%E5%85%AC%E5%8F%B8,kept_existing
2026-09-20T00:08:27.780395+08:00,80914,翔名四,8091,翔名科技股份有限公司,existing_alert_preserved,yahoo_news_confirmed_redemption,https://tw.stock.yahoo.com/news/%E5%85%AC%E5%91%8A-%E7%BF%94%E5%90%8D%E8%82%A1%E4%BB%BD%E6%9C%89%E9%99%90%E5%85%AC%E5%8F%B8%E5%9C%8B%E5%85%A7%E7%AC%AC%E5%9B%9B%E6%AC%A1%E7%84%A1%E6%93%94%E4%BF%9D%E8%BD%89%E6%8F%9B%E5%85%AC%E5%8F%B8%E5%82%B5-%E7%B0%A1%E7%A8%B1-%E7%BF%94%E5%90%8D%E5%9B%9B-%E4%BB%A3%E7%A2%BC-091507627.html,kept_existing_alert,kept_existing_alert_not_removed_without_official_cancellation,【公告】翔名股份有限公司國內第四次無擔保轉換公司債(簡稱：翔名四，代碼：80914)發行公司行使債券贖回權暨訂於115年10月27日終止櫃檯買賣等相關事宜。 【公告】翔名股份有限公司國內第四次無擔保轉換公司債(簡稱：翔名四，代碼：80914)發行公司行使債券贖回權暨訂於115年10月27日終止櫃檯買賣等相關事宜。 Yahoo股市 首頁 新聞 股市 運動 TV 汽機車 購物中心 拍賣 氣象 App 下載 搜尋 登入 首頁 股市VIP 自選股 台股行情 智慧選股 期權 國際金融 新聞 AI 事件整理 房地產 投資新手村 基金 銀行服務 首頁 社群爆紅榜 Yahoo財經特派記者 Yahoo財經大人物 財經專輯 股市VIP 智慧選股 個股比較 ETF,existing_alert_preserved,https://tw.stock.yahoo.com/news/%E5%85%AC%E5%91%8A-%E7%BF%94%E5%90%8D%E8%82%A1%E4%BB%BD%E6%9C%89%E9%99%90%E5%85%AC%E5%8F%B8%E5%9C%8B%E5%85%A7%E7%AC%AC%E5%9B%9B%E6%AC%A1%E7%84%A1%E6%93%94%E4%BF%9D%E8%BD%89%E6%8F%9B%E5%85%AC%E5%8F%B8%E5%82%B5-%E7%B0%A1%E7%A8%B1-%E7%BF%94%E5%90%8D%E5%9B%9B-%E4%BB%A3%E7%A2%BC-091507627.html,kept_existing
